customer_key,recency,frequency,monetary,R_score,F_score,M_score,segment,customer_name
3173,184,5,5563.56,2,2,5,Clients à Risque,Alex Avila
3174,19,9,1056.39,5,5,2,Clients Fidèles,Allen Armold
3175,259,4,1790.51,1,1,3,Clients à Risque,Andrew Allen
3176,55,6,5086.94,3,3,5,Clients Potentiels,Anna Andreadi
3177,415,3,886.15,1,1,1,Clients à Risque,Aaron Bergman
3178,54,8,7755.63,3,4,5,Clients Potentiels,Adam Bellavance
3179,41,10,14473.57,4,5,5,Champions,Adrian Barton
3180,41,5,966.71,4,2,2,Nouveaux Clients,Aimee Bixby
3181,25,8,1113.85,5,4,2,Clients Fidèles,Alan Barnes
3182,166,9,914.53,2,5,1,Clients Perdus,Alejandro Ballentine
3183,50,4,1515.86,4,1,2,Nouveaux Clients,Ann Blume
3184,232,3,925.8,1,1,1,Clients à Risque,Alyssa Crouse
3185,11,7,5527.85,5,3,5,Champions,Amy Cox
3186,6,5,2537.69,5,2,3,Clients Potentiels,Ann Chong
3187,282,5,657.31,1,2,1,Clients à Risque,Anna Chung
3188,29,8,6106.88,4,4,5,Champions,Alan Dominguez
3189,41,7,2052.91,4,3,3,Clients Fidèles,Art Ferguson
3190,415,4,861.57,1,1,1,Clients à Risque,Art Foster
3191,278,5,2582.9,1,2,3,Clients à Risque,Alejandro Grove
3192,118,4,367.55,2,1,1,Clients à Risque,Aleksandra Gannaway
3193,8,5,660.97,5,2,1,Nouveaux Clients,Alex Grayson
3194,114,5,200.95,2,2,1,Clients à Risque,Allen Goldenen
3195,78,7,1419.25,3,3,2,Autres,Andrew Gjertsen
3196,844,4,1455.04,1,1,2,Clients à Risque,Andy Gerbode
3197,97,7,3489.06,3,3,4,Clients Potentiels,Anna Gayman
3198,77,4,170.59,3,1,1,Autres,Anthony Garverick
3199,96,10,4510.79,3,5,5,Champions,Arthur Gainer
3200,12,7,1744.7,5,3,3,Clients Fidèles,Aaron Hawkins
3201,34,10,3250.35,4,5,4,Champions,Adam Hart
3202,60,7,1735.53,3,3,3,Clients Potentiels,Adrian Hane
3203,55,4,1587.45,3,1,2,Autres,Alan Haines
3204,6,9,4805.35,5,5,5,Champions,Alan Hwang
3205,230,5,2495.4,1,2,3,Clients à Risque,Amy Hunt
3206,21,4,738.5,5,1,1,Nouveaux Clients,Angele Hood
3207,410,12,7888.3,1,5,5,Clients Perdus,Anna Häberlin
3208,13,10,4375.79,5,5,5,Champions,Arianne Irving
3209,75,7,4867.34,3,3,5,Clients Potentiels,Anthony Jacobs
3210,166,7,4501.39,2,3,5,Clients Perdus,Anthony Johnson
3211,121,6,1829.9,2,3,3,Clients Perdus,Ashley Jarboe
3212,74,3,629.25,3,1,1,Autres,Astrea Jones
3213,28,5,814.01,4,2,1,Nouveaux Clients,Alice McCarthy
3214,162,8,5664.02,2,4,5,Clients Perdus,Anne McFarland
3215,501,1,161.28,1,1,1,Clients à Risque,Anthony O'Donnell
3216,41,6,545.93,4,3,1,Clients Fidèles,Anne Pryor
3217,98,10,3323.55,3,5,4,Clients Potentiels,Arthur Prichep
3218,111,4,1055.69,2,1,2,Clients à Risque,Alex Russell
3219,125,5,2236.12,2,2,3,Clients à Risque,Allen Rosenblatt
3220,14,5,264.87,5,2,1,Nouveaux Clients,Andrew Roberts
3221,6,6,6608.45,5,3,5,Champions,Andy Reiter
3222,534,1,88.15,1,1,1,Clients à Risque,Anemone Ratner
3223,58,8,4523.33,3,4,5,Clients Potentiels,Anthony Rawles
3224,88,7,3050.69,3,3,4,Clients Potentiels,Aaron Smayling
3225,28,9,3255.3,4,5,4,Champions,Adam Shillingsburg
3226,41,2,58.82,4,1,1,Nouveaux Clients,Adrian Shami
3227,22,5,4260.78,5,2,4,Clients Potentiels,Alan Schoenberger
3228,192,5,503.98,2,2,1,Clients à Risque,Alan Shonely
3229,19,6,3214.24,5,3,4,Clients Fidèles,Alejandro Savely
3230,92,7,833.41,3,3,1,Autres,Ann Steele
3231,21,5,1166.07,5,2,2,Nouveaux Clients,Alyssa Tate
3232,13,10,3831.87,5,5,4,Champions,Annie Thurman
3233,20,4,649.37,5,1,1,Nouveaux Clients,Anthony Witt
3234,46,7,2852.95,4,3,4,Clients Fidèles,Arthur Wiediger
3235,14,4,497.02,5,1,1,Nouveaux Clients,Andy Yotov
3236,160,6,1622.03,2,3,2,Clients Perdus,Annie Zypern
3237,105,5,744.33,2,2,1,Clients à Risque,Barry Blumstein
3238,28,9,6765.73,4,5,5,Champions,Brenda Bowman
3239,202,9,2933.67,2,5,4,Clients Perdus,Becky Castell
3240,33,12,5718.53,4,5,5,Champions,Bill Donatelli
3241,35,6,4411.25,4,3,5,Clients Fidèles,Bradley Drucker
3242,278,2,320.54,1,1,1,Clients à Risque,Brendan Dodson
3243,97,6,2783.19,3,3,4,Clients Potentiels,Brian Dahlen
3244,69,6,1538.12,3,3,2,Autres,Brian DeCherney
3245,9,3,582.65,5,1,1,Nouveaux Clients,Brian Derr
3246,93,6,1526.5,3,3,2,Autres,Bruce Degenhardt
3247,327,6,658.46,1,3,1,Clients Perdus,Bryan Davis
3248,119,5,4204.68,2,2,4,Clients à Risque,Bill Eplett
3249,98,5,2261.44,3,2,3,Clients Potentiels,Bobby Elias
3250,481,5,748.03,1,2,1,Clients à Risque,Brad Eason
3251,91,7,599.79,3,3,1,Autres,Barbara Fisher
3252,39,4,1333.89,4,1,2,Nouveaux Clients,Barry Franz
3253,74,8,2888.5,3,4,4,Clients Potentiels,Barry Französisch
3254,25,3,272.95,5,1,1,Nouveaux Clients,Bart Folk
3255,16,11,5907.97,5,5,5,Champions,Ben Ferrer
3256,65,4,1585.17,3,1,2,Autres,Benjamin Farhat
3257,57,3,791.99,3,1,1,Autres,Beth Fritzler
3258,28,8,2798.96,4,4,4,Clients Fidèles,Barry Gonzalez
3259,36,6,1874.18,4,3,3,Clients Fidèles,Brooke Gillingham
3260,57,6,1006.35,3,3,2,Autres,Bruce Geld
3261,23,8,6255.34,5,4,5,Champions,Brosina Hoffman
3262,77,6,659.15,3,3,1,Autres,Berenike Kampe
3263,307,4,11789.64,1,1,5,Clients à Risque,Becky Martin
3264,100,6,808.16,3,3,1,Autres,Brendan Murry
3265,33,11,7294.18,4,5,5,Champions,Brian Moss
3266,218,10,1338.82,2,5,2,Clients Perdus,Bryan Mills
3267,24,4,265.31,5,1,1,Nouveaux Clients,Brad Norvell
3268,9,5,1459.34,5,2,2,Nouveaux Clients,Bradley Nguyen
3269,137,5,2682.73,2,2,3,Clients à Risque,Bill Overfelt
3270,75,2,130.83,3,1,1,Autres,Bobby Odegard
3271,83,5,983.42,3,2,2,Autres,Barry Pond
3272,17,12,2442.05,5,5,3,Champions,Bart Pistole
3273,89,6,1697.87,3,3,2,Autres,Becky Pak
3274,1,9,3675.86,5,5,4,Champions,Ben Peterman
3275,39,5,1181.49,4,2,2,Nouveaux Clients,Benjamin Patterson
3276,12,7,2475.16,5,3,3,Clients Fidèles,Beth Paige
3277,558,5,10501.65,1,2,5,Clients à Risque,Bill Shonely
3278,28,5,3887.82,4,2,4,Clients Potentiels,Bill Stewart
3279,35,6,2454.93,4,3,3,Clients Fidèles,Brendan Sweed
3280,582,3,3288.12,1,1,4,Clients à Risque,Brian Stugart
3281,1,7,2562.38,5,3,3,Clients Fidèles,Bruce Stewart
3282,265,2,949.43,1,1,2,Clients à Risque,Bryan Spruell
3283,336,5,2567.66,1,2,3,Clients à Risque,Beth Thompson
3284,302,6,2186.61,1,3,3,Clients Perdus,Bill Tyler
3285,560,4,603.87,1,1,1,Clients à Risque,Bobby Trafton
3286,659,2,415.2,1,1,1,Clients à Risque,Brad Thomas
3287,91,5,2684.5,3,2,3,Clients Potentiels,Bradley Talbott
3288,20,7,3196.75,5,3,4,Clients Fidèles,Brian Thompson
3289,334,5,1523.28,1,2,2,Clients à Risque,Benjamin Venier
3290,212,3,385.51,2,1,1,Clients à Risque,Barry Weirich
3291,121,8,4750.36,2,4,5,Clients Perdus,Bart Watters
3292,203,6,1738.41,2,3,3,Clients Perdus,Ben Wallace
3293,96,6,3789.72,3,3,4,Clients Potentiels,Carol Adams
3294,401,5,1679.72,1,2,2,Clients à Risque,Cathy Armstrong
3295,56,8,2638.33,3,4,3,Clients Potentiels,Christina Anderson
3296,13,4,1421.96,5,1,2,Nouveaux Clients,Christine Abelman
3297,120,7,3041.58,2,3,4,Clients Perdus,Cynthia Arntzen
3298,47,9,5730.68,4,5,5,Champions,Cassandra Brandow
3299,26,8,1949.21,5,4,3,Clients Fidèles,Christy Brittain
3300,197,8,4246.46,2,4,4,Clients Perdus,Claudia Bergmann
3301,457,5,1685.89,1,2,2,Clients à Risque,Chad Cunningham
3302,106,7,2471.65,2,3,3,Clients Perdus,Charles Crestani
3303,20,11,3670.27,5,5,4,Champions,Chris Cortes
3304,43,5,12129.08,4,2,5,Clients Potentiels,Christopher Conant
3305,0,10,2870.05,5,5,4,Champions,Chuck Clark
3306,39,9,1659.45,4,5,2,Clients Fidèles,Cindy Chapman
3307,27,3,113.84,4,1,1,Nouveaux Clients,Clay Cheatham
3308,34,7,2540.63,4,3,3,Clients Fidèles,Corey Catlett
3309,29,7,2269.69,4,3,3,Clients Fidèles,Craig Carreira
3310,798,4,2854.12,1,1,4,Clients à Risque,Craig Carroll
3311,40,5,2033.97,4,2,3,Clients Potentiels,Carlos Daly
3312,54,3,639.76,3,1,1,Autres,Carol Darley
3313,42,2,1205.58,4,1,2,Nouveaux Clients,Christina DeMoss
3314,399,5,1860.74,1,2,3,Clients à Risque,Cynthia Delaney
3315,49,6,904.48,4,3,1,Clients Fidèles,Catherine Glotzbach
3316,338,3,1148.78,1,1,2,Clients à Risque,Claire Gute
3317,690,3,1537.24,1,1,2,Clients à Risque,Cathy Hwang
3318,365,1,16.52,1,1,1,Clients à Risque,Carl Jackson
3319,189,8,11164.97,2,4,5,Clients Perdus,Caroline Jumper
3320,39,13,3154.83,4,5,4,Champions,Chloris Kastensmidt
3321,120,5,2945.32,2,2,4,Clients à Risque,Christine Kargatis
3322,43,11,2372.75,4,5,3,Clients Fidèles,Clytie Kelty
3323,82,9,1582.11,3,5,2,Autres,Cyma Kinney
3324,106,4,1262.01,2,1,2,Clients à Risque,Carl Ludwig
3325,284,12,10880.56,1,5,5,Clients Perdus,Clay Ludtke
3326,260,4,2335.59,1,1,3,Clients à Risque,Craig Leslie
3327,131,6,1673.89,2,3,2,Clients Perdus,Candace McMahon
3328,707,2,565.39,1,1,1,Clients à Risque,Carlos Meador
3329,8,4,1661.61,5,1,2,Nouveaux Clients,Chad McGuire
3330,26,6,2533.32,5,3,3,Clients Fidèles,Charles McCrossin
3331,8,6,1475.14,5,3,2,Clients Fidèles,Charlotte Melton
3332,385,5,2305.71,1,2,3,Clients à Risque,Chris McAfee
3333,37,4,8954.01,4,1,5,Clients Potentiels,Christopher Martinez
3334,436,3,288.0,1,1,1,Clients à Risque,Chuck Magee
3335,27,5,5890.51,4,2,5,Clients Potentiels,Corinna Mitchell
3336,1034,4,3984.45,1,1,4,Clients à Risque,Craig Molinari
3337,549,5,1300.08,1,2,2,Clients à Risque,Corey-Lock
3338,82,8,5402.25,3,4,5,Clients Potentiels,Cathy Prescott
3339,160,7,5817.21,2,3,5,Clients Perdus,Christine Phan
3340,57,4,2148.85,3,1,3,Clients Potentiels,Clay Rozendal
3341,470,3,475.9,1,1,1,Clients à Risque,Corey Roper
3342,78,4,1600.55,3,1,2,Autres,Craig Reiter
3343,85,3,1397.88,3,1,2,Autres,Cyra Reiten
3344,91,5,1278.96,3,2,2,Autres,Cari Sayre
3345,162,6,537.63,2,3,1,Clients Perdus,Cari Schnelling
3346,25,11,3036.53,5,5,4,Champions,Carlos Soltero
3347,489,4,884.64,1,1,1,Clients à Risque,Chad Sievert
3348,232,5,844.46,1,2,1,Clients à Risque,Charles Sheldon
3349,26,12,2754.22,5,5,4,Champions,Chris Selesnick
3350,6,11,3202.16,5,5,4,Champions,Christine Sundaresam
3351,2,9,3651.86,5,5,4,Champions,Christopher Schild
3352,27,2,550.64,4,1,1,Nouveaux Clients,Chuck Sachs
3353,424,4,970.11,1,1,2,Clients à Risque,Cindy Schnelling
3354,58,6,5690.07,3,3,5,Clients Potentiels,Cindy Stewart
3355,96,8,3241.9,3,4,4,Clients Potentiels,Carol Triggs
3356,254,5,2830.63,1,2,4,Clients à Risque,Christina VanderZanden
3357,5,9,2370.33,5,5,3,Champions,Cynthia Voltz
3358,22,6,1136.59,5,3,2,Clients Fidèles,Carl Weiss
3359,60,7,2004.08,3,4,3,Clients Potentiels,Craig Yedwab
3360,352,4,156.76,1,1,1,Clients à Risque,Dianna Arnett
3361,21,8,2171.61,5,4,3,Clients Fidèles,Daniel Byrd
3362,241,4,2469.67,1,1,3,Clients à Risque,Darren Budd
3363,16,6,4151.51,5,3,4,Clients Fidèles,Dave Brooks
3364,48,7,2973.09,4,4,4,Clients Fidèles,David Bremer
3365,9,10,2332.57,5,5,3,Champions,Dean Braden
3366,53,8,4655.9,4,4,5,Champions,Deborah Brumfield
3367,264,5,1081.47,1,2,2,Clients à Risque,Dennis Bolton
3368,187,4,1711.69,2,1,3,Clients à Risque,Denny Blanton
3369,107,7,3908.8,2,4,4,Clients Perdus,Dorothy Badders
3370,33,7,1989.05,4,4,3,Clients Fidèles,Doug Bickford
3371,12,7,1155.21,5,4,2,Clients Fidèles,Duane Benoit
3372,37,9,3336.17,4,5,4,Champions,Dan Campbell
3373,23,5,1174.62,5,2,2,Nouveaux Clients,Debra Catini
3374,41,6,269.53,4,3,1,Clients Fidèles,Dorothy Dickinson
3375,718,5,2550.87,1,2,3,Clients à Risque,Deanra Eno
3376,699,3,2390.54,1,1,3,Clients à Risque,David Flashing
3377,32,5,3195.82,4,2,4,Clients Potentiels,Deirdre Greer
3378,277,5,3487.19,1,2,4,Clients à Risque,Dave Hallsten
3379,775,4,1043.09,1,1,2,Clients à Risque,Duane Huffman
3380,637,4,2012.52,1,1,3,Clients à Risque,Denny Joy
3381,48,8,2501.69,4,4,3,Clients Fidèles,Don Jones
3382,12,3,3356.4,5,1,4,Clients Potentiels,Doug Jacobs
3383,21,12,3256.48,5,5,4,Champions,Damala Kotsonis
3384,45,5,4282.16,4,2,5,Clients Potentiels,Dana Kaydos
3385,7,5,1687.03,5,2,2,Nouveaux Clients,Darren Koutras
3386,42,7,2650.55,4,4,3,Clients Fidèles,Dave Kipp
3387,10,2,797.83,5,1,1,Nouveaux Clients,David Kendrick
3388,10,9,4802.39,5,5,5,Champions,Dean Katz
3389,19,8,3318.49,5,4,4,Champions,Dennis Kane
3390,100,7,444.02,3,4,1,Autres,Dan Lawera
3391,57,6,3272.2,3,3,4,Clients Potentiels,Daniel Lacy
3392,22,8,1458.25,5,4,2,Clients Fidèles,Delfina Latchford
3393,57,4,585.02,3,1,1,Autres,Denise Leinenbach
3394,76,8,3539.32,3,4,4,Clients Potentiels,Dionis Lloyd
3395,119,5,755.6,2,2,1,Clients à Risque,Dorris liebe
3396,114,7,1322.03,2,4,2,Clients Perdus,Dario Medina
3397,57,7,6345.09,3,4,5,Clients Potentiels,Darrin Martin
3398,22,8,4074.47,5,4,4,Champions,Denise Monton
3399,481,3,1376.8,1,1,2,Clients à Risque,Don Miller
3400,217,7,2139.79,2,4,3,Clients Perdus,Duane Noonan
3401,133,9,1300.03,2,5,2,Clients Perdus,Denny Ordway
3402,26,7,1267.32,5,4,2,Clients Fidèles,Doug O'Connell
3403,126,8,897.52,2,4,1,Clients Perdus,Darren Powers
3404,6,8,2214.99,5,4,3,Clients Fidèles,Dave Poirier
3405,811,2,1058.62,1,1,2,Clients à Risque,David Philippe
3406,84,11,7198.77,3,5,5,Champions,Dean percer
3407,358,9,5480.73,1,5,5,Clients Perdus,Dennis Pardue
3408,3,9,6528.03,5,5,5,Champions,Dan Reichenbach
3409,50,8,8350.87,4,4,5,Champions,Daniel Raglin
3410,93,4,1762.21,3,1,3,Clients Potentiels,Darrin Sayre
3411,23,9,2881.8,5,5,4,Champions,David Smith
3412,19,5,1119.48,5,2,2,Nouveaux Clients,Darrin Van Huff
3413,29,5,3254.48,4,2,4,Clients Potentiels,Dianna Vittorini
3414,69,6,1080.76,3,3,2,Autres,David Wiener
3415,217,5,5271.63,2,2,5,Clients à Risque,Dianna Wilson
3416,98,5,344.08,3,2,1,Autres,Don Weiss
3417,242,7,1204.85,1,4,2,Clients Perdus,Dorothy Wardle
3418,152,12,2752.45,2,5,4,Clients Perdus,Erin Ashbrook
3419,48,9,3644.97,4,5,4,Champions,Ed Braxton
3420,35,10,3236.32,4,5,4,Champions,Edward Becker
3421,90,4,964.45,3,1,2,Autres,Ellis Ballard
3422,100,10,2767.22,3,5,4,Clients Potentiels,Emily Burns
3423,161,5,944.6,2,2,2,Clients à Risque,Eric Barreto
3424,0,4,1643.26,5,1,2,Nouveaux Clients,Erica Bern
3425,113,6,3071.14,2,3,4,Clients Perdus,Eugene Barchas
3426,82,6,1186.33,3,3,2,Autres,Evan Bailliet
3427,53,5,461.91,4,2,1,Nouveaux Clients,Erin Creighton
3428,135,8,3484.91,2,4,4,Clients Perdus,Emily Ducich
3429,22,5,1832.02,5,2,3,Clients Potentiels,Emily Grady
3430,135,10,9940.37,2,5,5,Clients Perdus,Edward Hooks
3431,217,8,684.18,2,4,1,Clients Perdus,Eric Hoffmann
3432,405,6,825.95,1,3,1,Clients Perdus,Erica Hackney
3433,2,7,1219.52,5,4,2,Clients Fidèles,Erica Hernandez
3434,152,10,3082.64,2,5,4,Clients Perdus,Eugene Hildebrand
3435,105,6,923.88,2,3,1,Clients Perdus,Evan Henry
3436,302,4,2162.18,1,1,3,Clients à Risque,Ed Jacobs
3437,57,5,2656.69,3,2,3,Clients Potentiels,Eva Jacobs
3438,44,4,1303.48,4,1,2,Nouveaux Clients,Eileen Kiefer
3439,77,2,124.28,3,1,1,Autres,Ed Ludwig
3440,132,5,2567.0,2,2,3,Clients à Risque,Eleni McCrary
3441,55,8,2339.6,3,4,3,Clients Potentiels,Elizabeth Moffitt
3442,151,5,933.7,2,2,1,Clients à Risque,Eric Murdock
3443,47,4,228.99,4,1,1,Nouveaux Clients,Erin Mull
3444,113,4,1041.04,2,1,2,Clients à Risque,Eudokia Martin
3445,48,6,4588.44,4,3,5,Clients Fidèles,Eugene Moren
3446,158,3,366.83,2,1,1,Clients à Risque,Evan Minnotte
3447,287,4,2199.36,1,1,3,Clients à Risque,Edward Nazzal
3448,12,17,5478.06,5,5,5,Champions,Emily Phan
3449,421,3,1245.79,1,1,2,Clients à Risque,Elpida Rittenbach
3450,40,5,3510.46,4,2,4,Clients Potentiels,Erica Smith
3451,28,9,4657.93,4,5,5,Champions,Erin Smith
3452,97,7,2984.05,3,4,4,Clients Potentiels,Frank Atkinson
3453,70,7,3418.74,3,4,4,Clients Potentiels,Frank Carlisle
3454,184,7,3889.36,2,4,4,Clients Perdus,Fred Chung
3455,34,7,1383.13,4,4,2,Clients Fidèles,Frank Gastineau
3456,37,10,4256.28,4,5,4,Champions,Frank Hawley
3457,212,4,2271.29,2,1,3,Clients à Risque,Fred Harton
3458,5,8,6987.2,5,4,5,Champions,Fred Hopkins
3459,7,10,2456.64,5,5,3,Champions,Filia McAdams
3460,36,9,3736.2,4,5,4,Champions,Frank Merwin
3461,145,9,2523.26,2,5,3,Clients Perdus,Fred McMath
3462,38,10,2678.43,4,5,3,Clients Fidèles,Frank Olsen
3463,23,8,4046.75,5,4,4,Champions,Frank Preis
3464,362,3,79.75,1,1,1,Clients à Risque,Fred Wasserman
3465,149,5,3797.23,2,2,4,Clients à Risque,George Ashbrook
3466,5,11,1398.39,5,5,2,Clients Fidèles,Guy Armstrong
3467,62,11,1568.44,3,5,2,Autres,George Bell
3468,13,5,4716.3,5,2,5,Clients Potentiels,Giulietta Baptist
3469,5,4,1888.08,5,1,3,Clients Potentiels,Giulietta Dortch
3470,43,9,2223.99,4,5,3,Clients Fidèles,Greg Guthrie
3471,75,9,2819.46,3,5,4,Clients Potentiels,Gary Hansen
3472,50,4,4172.84,4,1,4,Clients Potentiels,Gary Hwang
3473,387,2,1361.24,1,1,2,Clients à Risque,Gene Hale
3474,2,2,146.94,5,1,1,Nouveaux Clients,Greg Hansen
3475,112,9,6497.28,2,5,5,Clients Perdus,Grace Kelly
3476,83,7,3582.82,3,4,4,Clients Potentiels,Gary McGarr
3477,16,6,3078.63,5,3,4,Clients Fidèles,Gary Mitchum
3478,106,10,1255.68,2,5,2,Clients Perdus,Gene McClure
3479,152,6,3163.63,2,3,4,Clients Perdus,Greg Matthias
3480,117,3,6049.96,2,1,5,Clients à Risque,Greg Maxwell
3481,764,2,236.53,1,1,1,Clients à Risque,Guy Phonely
3482,1135,2,1284.38,1,1,2,Clients à Risque,Georgia Rosenberg
3483,56,3,9351.2,3,1,5,Clients Potentiels,Grant Thornton
3484,36,11,11820.12,4,5,5,Champions,Greg Tran
3485,34,4,226.43,4,1,1,Nouveaux Clients,Guy Thornton
3486,28,7,2189.02,4,4,3,Clients Fidèles,Giulietta Weimer
3487,7,9,4355.15,5,5,5,Champions,Gary Zandusky
3488,157,4,2454.62,2,1,3,Clients à Risque,George Zrebassa
3489,69,7,2163.32,3,4,3,Clients Potentiels,Helen Abelman
3490,20,8,2584.17,5,4,3,Clients Fidèles,Helen Andreada
3491,768,3,251.36,1,1,1,Clients à Risque,Harold Dahlen
3492,12,3,755.46,5,1,1,Nouveaux Clients,Harold Engle
3493,21,7,2533.16,5,4,3,Clients Fidèles,Herbert Flentye
3494,54,5,785.62,3,2,1,Autres,Harry Greene
3495,23,12,3247.65,5,5,4,Champions,Henry Goldwyn
3496,6,7,3690.28,5,4,4,Champions,Hunter Glantz
3497,72,2,218.67,3,1,1,Autres,Hilary Holden
3498,126,5,358.1,2,2,1,Clients à Risque,Heather Jas
3499,151,8,4877.8,2,4,5,Clients Perdus,Heather Kirkland
3500,43,6,12873.3,4,3,5,Clients Fidèles,Hunter Lopez
3501,2,10,8236.76,5,5,5,Champions,Harry Marie
3502,247,4,736.28,1,1,1,Clients à Risque,Henry MacAllister
3503,30,7,1990.31,4,4,3,Clients Fidèles,Harold Pawlan
3504,13,4,940.59,5,1,2,Nouveaux Clients,Hallie Redmond
3505,159,7,5248.8,2,4,5,Clients Perdus,Harold Ryan
3506,117,7,4827.93,2,4,5,Clients Perdus,Helen Wasserman
3507,35,5,886.52,4,2,1,Nouveaux Clients,Henia Zydlo
3508,71,4,744.57,3,1,1,Autres,Ivan Gibson
3509,142,7,5040.74,2,4,5,Clients Perdus,Ivan Liston
3510,409,2,48.4,1,1,1,Clients à Risque,Ionia McGrath
3511,390,7,4930.49,1,4,5,Clients Perdus,Irene Maddox
3512,92,8,6491.03,3,4,5,Clients Potentiels,Joseph Airdo
3513,7,10,1791.62,5,5,3,Champions,Jennifer Braxton
3514,736,3,900.55,1,1,1,Clients à Risque,Joni Blumstein
3515,43,7,644.12,4,4,1,Clients Fidèles,Joy Bell-
3516,7,5,2518.11,5,2,3,Clients Potentiels,Julia Barnett
3517,114,4,71.27,2,1,1,Clients à Risque,Jasper Cacioppo
3518,175,1,1058.11,2,1,2,Clients à Risque,Jenna Caffey
3519,158,9,2772.06,2,5,4,Clients Perdus,John Castell
3520,57,5,858.57,3,2,1,Autres,Julie Creighton
3521,117,5,2152.35,2,2,3,Clients à Risque,John Dryer
3522,394,11,7610.87,1,5,5,Clients Perdus,Jonathan Doherty
3523,112,6,385.43,2,3,1,Clients Perdus,Joy Daniels
3524,300,3,695.44,1,1,1,Clients à Risque,Julia Dunbar
3525,41,8,8828.04,4,4,5,Champions,Justin Deggeller
3526,193,6,1388.69,2,3,2,Clients Perdus,Jeremy Ellison
3527,48,7,7754.97,4,4,5,Champions,Jim Epp
3528,46,10,8697.86,4,5,5,Champions,Joe Elijah
3529,51,13,6760.81,4,5,5,Champions,Joel Eaton
3530,20,3,2697.25,5,1,3,Clients Potentiels,Justin Ellison
3531,65,6,2239.61,3,3,3,Clients Potentiels,Jamie Frazer
3532,225,5,955.12,2,2,2,Clients à Risque,Jason Fortune-
3533,105,6,1911.84,2,3,3,Clients Perdus,Jay Fein
3534,2,5,2309.43,5,2,3,Clients Potentiels,Jennifer Ferguson
3535,121,10,890.95,2,5,1,Clients Perdus,Jeremy Farry
3536,54,8,4198.32,3,4,4,Clients Potentiels,Jill Fjeld
3537,757,3,2358.66,1,1,3,Clients à Risque,Jack Garza
3538,1,11,6366.4,5,5,5,Champions,James Galang
3539,2,6,2240.58,5,3,3,Clients Fidèles,Jason Gross
3540,223,6,1507.02,2,3,2,Clients Perdus,John Grady
3541,5,4,309.29,5,1,1,Nouveaux Clients,Jennifer Halladay
3542,174,6,528.92,2,3,1,Clients Perdus,John Huston
3543,41,7,959.48,4,4,2,Clients Fidèles,Jonathan Howell
3544,29,6,7954.99,4,3,5,Clients Fidèles,Joseph Holt
3545,404,4,2256.39,1,1,3,Clients à Risque,Justin Hirsh
3546,483,5,709.17,1,2,1,Clients à Risque,Jennifer Jackson
3547,752,2,195.0,1,1,1,Clients à Risque,Joel Jenkins
3548,61,4,4262.29,3,1,5,Clients Potentiels,Jamie Kunitz
3549,287,3,383.81,1,1,1,Clients à Risque,Jason Klamczynski
3550,44,7,2136.45,4,4,3,Clients Fidèles,Jay Kimmel
3551,61,7,3760.03,3,4,4,Clients Potentiels,Jim Karlsson
3552,180,9,4760.44,2,5,5,Clients Perdus,Jim Kriz
3553,84,9,4769.91,3,5,5,Champions,Joe Kamberova
3554,28,3,3747.66,4,1,4,Clients Potentiels,Juliana Krohn
3555,117,10,2932.49,2,5,4,Clients Perdus,Julie Kriz
3556,8,6,1214.95,5,3,2,Clients Fidèles,Jack Lebron
3557,6,5,1571.52,5,2,2,Nouveaux Clients,James Lanier
3558,119,5,2203.7,2,2,3,Clients à Risque,Janet Lee
3559,49,6,3173.87,4,3,4,Clients Fidèles,Jeremy Lonsdale
3560,21,10,9576.36,5,5,5,Champions,John Lee
3561,614,6,2725.25,1,3,4,Clients Perdus,John Lucas
3562,37,6,3159.11,4,3,4,Clients Fidèles,Janet Martin
3563,37,5,1804.14,4,2,3,Clients Potentiels,Janet Molinari
3564,102,7,1733.45,3,4,3,Clients Potentiels,Jessica Myrick
3565,0,5,303.94,5,2,1,Nouveaux Clients,Jill Matthias
3566,8,5,864.95,5,2,1,Nouveaux Clients,Jim Mitchum
3567,109,7,7625.07,2,4,5,Clients Perdus,John Murray
3568,57,10,2833.92,3,5,4,Clients Potentiels,Justin MacKendrick
3569,57,9,3254.95,3,5,4,Clients Potentiels,Jack O'Briant
3570,92,6,1934.27,3,3,3,Clients Potentiels,Jas O'Carroll
3571,215,5,1090.85,2,2,2,Clients à Risque,Jesus Ocampo
3572,37,7,1669.13,4,4,2,Clients Fidèles,Jennifer Patt
3573,8,7,3635.59,5,4,4,Champions,Jeremy Pistek
3574,102,9,1707.71,3,5,3,Clients Potentiels,Julie Prescott
3575,593,2,1156.66,1,1,2,Clients à Risque,Jim Radford
3576,68,1,863.88,3,1,1,Autres,Jocasta Rupert
3577,33,5,2201.69,4,2,3,Clients Potentiels,Justin Ritter
3578,119,4,1417.65,2,1,2,Clients à Risque,Jill Stevenson
3579,42,3,990.2,4,1,2,Nouveaux Clients,Jim Sink
3580,534,5,3868.01,1,2,4,Clients à Risque,John Stevenson
3581,463,5,469.16,1,2,1,Clients à Risque,Joni Sundaresam
3582,28,6,2516.49,4,3,3,Clients Fidèles,Joy Smith
3583,42,6,7721.71,4,3,5,Clients Fidèles,Jane Waco
3584,5,6,1049.24,5,3,2,Clients Fidèles,Joni Wasserman
3585,461,4,1428.73,1,1,2,Clients à Risque,Julia West
3586,36,7,1519.51,4,4,2,Clients Fidèles,Kelly Andreada
3587,4,7,3152.61,5,4,4,Champions,Karen Bern
3588,296,9,1569.45,1,5,2,Clients Perdus,Karl Braun
3589,117,3,908.82,2,1,1,Clients à Risque,Katrina Bavinger
3590,230,12,2744.74,1,5,4,Clients Perdus,Ken Black
3591,1,7,983.93,5,4,2,Clients Fidèles,Ken Brennan
3592,407,6,2120.95,1,3,3,Clients Perdus,Karen Carlisle
3593,97,4,3908.27,3,1,4,Clients Potentiels,Kelly Collister
3594,57,4,1146.05,3,1,2,Autres,Kimberly Carter
3595,484,5,8282.36,1,2,5,Clients à Risque,Karen Daniels
3596,41,6,1888.96,4,3,3,Clients Fidèles,Katherine Ducich
3597,112,12,8181.24,2,5,5,Clients Perdus,Keith Dawkins
3598,289,4,907.16,1,2,1,Clients à Risque,Ken Dana
3599,26,7,1453.28,5,4,2,Clients Fidèles,Katrina Edelman
3600,97,7,10604.26,3,4,5,Clients Potentiels,Karen Ferguson
3601,40,8,3312.87,4,4,4,Clients Fidèles,Katharine Harms
3602,1,6,3100.6,5,3,4,Clients Fidèles,Katherine Hughes
3603,22,6,5229.7,5,3,5,Champions,Keith Herrera
3604,58,9,3918.96,3,5,4,Clients Potentiels,Ken Heidel
3605,2,7,5990.79,5,4,5,Champions,Kristen Hastings
3606,16,8,5016.47,5,4,5,Champions,Kelly Lampkin
3607,47,12,14175.23,4,5,5,Champions,Ken Lonsdale
3608,14,6,2260.95,5,3,3,Clients Fidèles,Kalyca Meade
3609,56,8,5620.18,3,4,5,Clients Potentiels,Katherine Murray
3610,15,5,453.54,5,2,1,Nouveaux Clients,Khloe Miller
3611,28,8,4909.47,4,4,5,Champions,Kunst Miller
3612,19,8,2224.1,5,4,3,Clients Fidèles,Katherine Nockton
3613,52,5,2171.97,4,2,3,Clients Potentiels,Kean Nguyen
3614,98,7,2003.01,3,4,3,Clients Potentiels,Kristina Nunn
3615,295,3,88.47,1,1,1,Clients à Risque,Karen Seio
3616,391,7,3057.1,1,4,4,Clients Perdus,Kean Takahito
3617,100,10,4642.1,3,5,5,Champions,Kean Thornton
3618,96,5,4416.52,3,2,5,Clients Potentiels,Katrina Willman
3619,770,4,449.1,1,2,1,Clients à Risque,Kelly Williams
3620,154,11,8673.23,2,5,5,Clients Perdus,Laura Armstrong
3621,48,3,50.19,4,1,1,Nouveaux Clients,Larry Blacks
3622,152,8,4985.68,2,4,5,Clients Perdus,Laurel Beltran
3623,27,8,2580.71,4,4,3,Clients Fidèles,Lena Cacioppo
3624,16,12,7663.13,5,5,5,Champions,Lena Creighton
3625,41,8,4492.94,4,4,5,Champions,Linda Cazamias
3626,436,4,3246.63,1,2,4,Clients à Risque,Lindsay Castell
3627,54,5,2095.06,3,2,3,Clients Potentiels,Liz Carlisle
3628,13,9,2633.57,5,5,3,Champions,Logan Currie
3629,552,1,5.3,1,1,1,Clients à Risque,Lela Donovan
3630,414,4,1961.93,1,2,3,Clients à Risque,Lisa DeCherney
3631,21,6,1469.45,5,3,2,Clients Fidèles,Laurel Elliston
3632,22,7,3930.52,5,4,4,Champions,Luke Foster
3633,151,3,287.43,2,1,1,Clients à Risque,Larry Hughes
3634,21,9,2295.32,5,5,3,Champions,Lena Hernandez
3635,239,4,318.23,1,2,1,Clients à Risque,Lisa Hazard
3636,385,9,1739.69,1,5,3,Clients Perdus,Logan Haushalter
3637,249,5,2454.55,1,2,3,Clients à Risque,Lauren Leatherbury
3638,391,5,1346.78,1,2,2,Clients à Risque,Liz MacKendrick
3639,2,5,644.35,5,2,1,Nouveaux Clients,Lori Olson
3640,40,4,756.6,4,2,1,Nouveaux Clients,Liz Pelletier
3641,9,6,3104.44,5,3,4,Clients Fidèles,Liz Preis
3642,26,6,5142.89,5,3,5,Champions,Lena Radford
3643,132,5,1879.3,2,2,3,Clients à Risque,Lisa Ryan
3644,178,6,2845.27,2,3,4,Clients Perdus,Linda Southworth
3645,20,9,2988.65,5,5,4,Champions,Lindsay Shagiari
3646,96,6,1010.25,3,3,2,Autres,Luke Schmidt
3647,776,3,368.88,1,1,1,Clients à Risque,Lycoris Saunders
3648,34,6,1008.14,4,3,2,Clients Fidèles,Lynn Smith
3649,26,3,329.87,5,1,1,Nouveaux Clients,Larry Tron
3650,34,8,2936.26,4,4,4,Clients Fidèles,Liz Thompson
3651,88,5,2238.06,3,2,3,Clients Potentiels,Laurel Workman
3652,33,6,3230.3,4,3,4,Clients Fidèles,Lindsay Williams
3653,205,3,1259.04,2,1,2,Clients à Risque,Liz Willingham
3654,21,7,5420.52,5,4,5,Champions,Luke Weiss
3655,64,11,4299.16,3,5,5,Champions,Matt Abelman
3656,186,6,2453.29,2,3,3,Clients Perdus,Michelle Arnett
3657,48,10,1548.71,4,5,2,Clients Fidèles,Maria Bertelson
3658,44,7,1428.24,4,4,2,Clients Fidèles,Mick Brown
3659,76,8,2725.98,3,4,4,Clients Potentiels,Marc Crier
3660,399,5,4432.14,1,2,5,Clients à Risque,Mark Cousins
3661,27,8,1303.89,4,4,2,Clients Fidèles,Matt Collins
3662,51,6,2426.07,4,3,3,Clients Fidèles,Matt Collister
3663,112,8,2258.2,2,4,3,Clients Perdus,Matt Connell
3664,189,4,795.15,2,2,1,Clients à Risque,Matthew Clasen
3665,1,7,3805.71,5,4,4,Champions,Michael Chen
3666,41,10,2218.99,4,5,3,Clients Fidèles,Mick Crebagga
3667,369,5,1581.99,1,2,2,Clients à Risque,Mike Caudle
3668,117,6,2716.43,2,3,4,Clients Perdus,Maribeth Dona
3669,36,5,1204.91,4,2,2,Nouveaux Clients,Michael Dominguez
3670,42,10,10663.73,4,5,5,Champions,Maria Etezadi
3671,28,8,1908.45,4,4,3,Clients Fidèles,Max Engle
3672,92,4,1256.95,3,2,2,Autres,Michelle Ellison
3673,421,5,937.05,1,2,2,Clients à Risque,Maureen Fritzler
3674,7,5,1758.3,5,2,3,Clients Potentiels,Monica Federle
3675,29,7,3785.28,4,4,4,Clients Fidèles,Matthew Grinstein
3676,92,4,2350.2,3,2,3,Clients Potentiels,Maureen Gastineau
3677,555,3,1342.29,1,1,2,Clients à Risque,Maureen Gnade
3678,116,5,1242.84,2,2,2,Clients à Risque,Michael Grace
3679,99,9,776.39,3,5,1,Autres,Michael Granlund
3680,84,4,3061.54,3,2,4,Clients Potentiels,Mike Gockenbach
3681,264,1,16.74,1,1,1,Clients à Risque,Mitch Gastineau
3682,294,5,1691.5,1,2,2,Clients à Risque,Marc Harrigan
3683,376,4,400.02,1,2,1,Clients à Risque,Mark Haberlin
3684,170,7,2146.69,2,4,3,Clients Perdus,Mark Hamilton
3685,155,4,1252.8,2,2,2,Clients à Risque,Matt Hagelstein
3686,98,7,2203.78,3,4,3,Clients Potentiels,Maya Herman
3687,49,5,2984.95,4,2,4,Clients Potentiels,Michelle Huthwaite
3688,5,9,5503.09,5,5,5,Champions,Mick Hernandez
3689,22,7,6320.75,5,4,5,Champions,Max Jones
3690,28,8,2302.36,4,4,3,Clients Fidèles,Michael Kennedy
3691,240,4,1031.6,1,2,2,Clients à Risque,Mike Kennedy
3692,69,9,2722.84,3,5,4,Clients Potentiels,Marina Lichtenstein
3693,54,5,2885.27,3,2,4,Clients Potentiels,Maris LaWare
3694,29,7,2071.91,4,4,3,Clients Fidèles,Max Ludwig
3695,79,3,742.08,3,1,1,Autres,Michelle Lonsdale
3696,100,2,162.23,3,1,1,Autres,Muhammed Lee
3697,168,4,1314.02,2,2,2,Clients à Risque,Magdelene Morse
3698,7,10,3640.25,5,5,4,Champions,Michael Moore
3699,61,8,2749.87,3,4,4,Clients Potentiels,Michelle Moray
3700,85,9,775.41,3,5,1,Autres,Muhammed MacIntyre
3701,34,6,2477.94,4,3,3,Clients Fidèles,Michael Nguyen
3702,72,4,922.49,3,2,1,Autres,Mary O'Rourke
3703,104,8,1687.03,3,4,2,Autres,Meg O'Connel
3704,180,2,154.29,2,1,1,Clients à Risque,Michael Oakman
3705,718,6,2945.81,1,3,4,Clients Perdus,Mark Packer
3706,72,9,3983.65,3,5,4,Clients Potentiels,Michael Paige
3707,16,8,4757.34,5,4,5,Champions,Mike Pelletier
3708,125,4,639.18,2,2,1,Clients à Risque,Mathew Reese
3709,273,10,7443.68,1,5,5,Clients Perdus,Maribeth Schnelling
3710,434,4,475.66,1,2,1,Clients à Risque,MaryBeth Skach
3711,413,6,1613.39,1,3,2,Clients Perdus,Maurice Satty
3712,121,9,3144.67,2,5,4,Clients Perdus,Maxwell Schwartz
3713,452,4,370.34,1,2,1,Clients à Risque,Melanie Seite
3714,26,6,855.12,5,3,1,Clients Fidèles,Michael Stewart
3715,49,6,2890.14,4,3,4,Clients Fidèles,Meg Tillman
3716,203,4,1319.44,2,2,2,Clients à Risque,Michelle Tran
3717,27,9,1560.03,4,5,2,Clients Fidèles,Mark Van Huff
3718,19,7,1734.58,5,4,3,Clients Fidèles,Mike Vittorini
3719,17,7,5341.9,5,4,5,Champions,Mitch Webber
3720,44,2,5253.88,4,1,5,Clients Potentiels,Mitch Willingham
3721,29,7,2254.29,4,4,3,Clients Fidèles,Maribeth Yedwab
3722,71,10,3601.88,3,5,4,Clients Potentiels,Muhammed Yedwab
3723,30,4,593.61,4,2,1,Nouveaux Clients,Maria Zettner
3724,282,6,2564.89,1,3,3,Clients Perdus,Mary Zewe
3725,1165,2,273.87,1,1,1,Clients à Risque,Nicole Brennan
3726,19,9,1972.61,5,5,3,Champions,Nona Balk
3727,224,5,2461.41,2,2,3,Clients à Risque,Nat Carroll
3728,41,6,2218.99,4,3,3,Clients Fidèles,Nathan Cano
3729,6,7,8241.74,5,4,5,Champions,Nick Crebassa
3730,204,5,1821.75,2,2,3,Clients à Risque,Noah Childs
3731,27,9,4326.14,4,5,5,Champions,Natalie DeCherney
3732,183,6,2893.46,2,3,4,Clients Perdus,Neil Ducich
3733,79,6,8080.47,3,3,5,Clients Potentiels,Natalie Fritzler
3734,525,4,377.17,1,2,1,Clients à Risque,Neil Französisch
3735,114,7,2031.48,2,4,3,Clients Perdus,Nicole Fjeld
3736,48,5,1869.57,4,2,3,Clients Potentiels,Nat Gilpin
3737,48,5,1395.94,4,2,2,Nouveaux Clients,Nathan Gelder
3738,189,6,2518.67,2,3,3,Clients Perdus,Nicole Hansen
3739,70,7,572.05,3,4,1,Autres,Neil Knudson
3740,58,4,1418.08,3,2,2,Autres,Nancy Lomonaco
3741,160,7,6459.34,2,4,5,Clients Perdus,Nathan Mautz
3742,244,10,2161.98,1,5,3,Clients Perdus,Neoma Murray
3743,25,6,5529.62,5,3,5,Champions,Naresj Patel
3744,58,5,3908.4,3,2,4,Clients Potentiels,Nora Paige
3745,406,5,1164.73,1,2,2,Clients à Risque,Nora Pelletier
3746,138,7,7903.18,2,4,5,Clients Perdus,Nora Preis
3747,210,5,2367.27,2,2,3,Clients à Risque,Nick Radford
3748,6,4,2575.87,5,2,3,Clients Potentiels,Neola Schneider
3749,174,12,2857.75,2,5,4,Clients Perdus,Noel Staavos
3750,172,7,7234.02,2,4,5,Clients Perdus,Natalie Webber
3751,85,9,2488.33,3,5,3,Clients Potentiels,Nick Zandusky
3752,410,9,1567.52,1,5,2,Clients Perdus,Odella Nelson
3753,65,5,3818.62,3,2,4,Clients Potentiels,Olvera Toch
3754,103,6,729.41,3,3,1,Autres,Pete Armstrong
3755,25,3,740.36,5,1,1,Nouveaux Clients,Patrick Bzostek
3756,57,4,688.33,3,2,1,Autres,Peter Bühler
3757,97,8,1456.95,3,4,2,Autres,Philip Brown
3758,687,2,132.74,1,1,1,Clients à Risque,Phillip Breyer
3759,2,4,1832.07,5,2,3,Clients Potentiels,Pamela Coakley
3760,881,2,1061.49,1,1,2,Clients à Risque,Pauline Chand
3761,834,4,9062.86,1,2,5,Clients à Risque,Peter Fuller
3762,196,6,2770.0,2,3,4,Clients Perdus,Philip Fox
3763,114,5,2206.12,2,2,3,Clients à Risque,Phillip Flathmann
3764,36,13,3086.9,4,5,4,Champions,Patrick Gardner
3765,57,9,1987.15,3,5,3,Clients Potentiels,Paul Gonzalez
3766,70,1,729.65,3,1,1,Autres,Patricia Hirasaki
3767,39,8,1220.1,4,4,2,Clients Fidèles,Patrick Jones
3768,134,6,1677.53,2,3,2,Clients Perdus,Pauline Johnson
3769,483,2,1441.15,1,1,2,Clients à Risque,Paul Knutson
3770,9,12,8646.93,5,5,5,Champions,Pete Kriz
3771,15,5,239.49,5,2,1,Nouveaux Clients,Paul Lucas
3772,386,3,1405.4,1,1,2,Clients à Risque,Paul MacIntyre
3773,51,4,4115.66,4,2,4,Clients Potentiels,Peter McVee
3774,30,8,1467.16,4,4,2,Clients Fidèles,Parhena Norris
3775,4,11,7473.84,5,5,5,Champions,Patrick O'Brill
3776,0,7,2493.22,5,4,3,Clients Fidèles,Patrick O'Donnell
3777,160,9,4893.05,2,5,5,Clients Perdus,Philisse Overcash
3778,86,5,1056.85,3,2,2,Autres,Phillina Ober
3779,97,10,7252.61,3,5,5,Champions,Paul Prost
3780,36,5,1840.18,4,2,3,Clients Potentiels,Patrick Ryan
3781,107,6,2181.48,2,3,3,Clients Perdus,Pamela Stobb
3782,69,8,1278.65,3,4,2,Autres,Paul Stevenson
3783,236,7,6843.63,1,4,5,Clients Perdus,Penelope Sewall
3784,71,3,158.47,3,1,1,Autres,Pete Takahito
3785,89,5,2876.05,3,3,4,Clients Potentiels,Paul Van Hugh
3786,46,10,3454.91,4,5,4,Champions,Pauline Webber
3787,464,7,3922.41,1,4,4,Clients Perdus,Pierre Wener
3788,25,9,6108.34,5,5,5,Champions,Quincy Jones
3789,5,9,2617.89,5,5,3,Champions,Ralph Arnett
3790,55,6,3546.23,3,3,4,Clients Potentiels,Ruben Ausman
3791,12,9,4793.53,5,5,5,Champions,Russell Applegate
3792,61,5,1686.93,3,3,2,Autres,Ryan Akin
3793,68,2,1008.2,3,1,2,Autres,Randy Bradley
3794,96,6,15117.35,3,3,5,Clients Potentiels,Raymond Buch
3795,41,7,1864.14,4,4,3,Clients Fidèles,Richard Bierner
3796,9,12,4715.47,5,5,5,Champions,Rick Bensley
3797,25,5,528.53,5,3,1,Clients Fidèles,Rob Beeghly
3798,648,5,221.09,1,3,1,Clients Perdus,Robert Barroso
3799,54,4,2067.45,3,2,3,Clients Potentiels,Roger Barcio
3800,32,8,5633.31,4,4,5,Champions,Ross Baird
3801,369,6,966.41,1,3,2,Clients Perdus,Roy Collins
3802,110,4,652.64,2,2,1,Clients à Risque,Ryan Crowe
3803,72,8,4272.94,3,4,5,Clients Potentiels,Rick Duston
3804,180,9,2832.91,2,5,4,Clients Perdus,Rob Dowd
3805,114,4,2745.89,2,2,4,Clients à Risque,Robert Dilbeck
3806,21,10,1419.74,5,5,2,Clients Fidèles,Roger Demir
3807,14,8,1137.61,5,4,2,Clients Fidèles,Ross DeVincentis
3808,114,9,3133.92,2,5,4,Clients Perdus,Ruben Dartt
3809,42,4,970.95,4,2,2,Nouveaux Clients,Russell D'Ascenzo
3810,1097,1,48.36,1,1,1,Clients à Risque,Ricardo Emerson
3811,302,4,666.52,1,2,1,Clients à Risque,Richard Eichhorn
3812,390,8,3309.14,1,4,4,Clients Perdus,Randy Ferguson
3813,89,7,2341.3,3,4,3,Clients Potentiels,Roland Fjeld
3814,6,7,938.86,5,4,2,Clients Fidèles,Roy Französisch
3815,32,5,3621.38,4,3,4,Clients Fidèles,Rick Hansen
3816,467,6,6979.18,1,3,5,Clients Perdus,Rick Huthwaite
3817,519,2,740.39,1,1,1,Clients à Risque,Ritsa Hightower
3818,534,3,2085.74,1,1,3,Clients à Risque,Rob Haberlin
3819,119,3,1460.19,2,1,2,Clients à Risque,Ralph Kennedy
3820,121,8,6234.91,2,4,5,Clients Perdus,Rob Lucas
3821,345,6,1453.47,1,3,2,Clients Perdus,Raymond Messe
3822,6,5,5979.09,5,3,5,Champions,Robert Marley
3823,299,1,98.35,1,1,1,Clients à Risque,Roland Murray
3824,35,7,3815.47,4,4,4,Clients Fidèles,Rose O'Brian
3825,496,4,954.64,1,2,2,Clients à Risque,Rachel Payne
3826,33,12,5153.06,4,5,5,Champions,Resi Pölking
3827,28,7,2055.35,4,4,3,Clients Fidèles,Roy Phan
3828,19,2,615.93,5,1,1,Nouveaux Clients,Ralph Ritter
3829,170,6,3302.26,2,3,4,Clients Perdus,Rick Reed
3830,76,5,3221.29,3,3,4,Clients Potentiels,Ricardo Sperren
3831,36,8,4159.77,4,4,4,Clients Fidèles,Roland Schwarz
3832,19,2,22.33,5,1,1,Nouveaux Clients,Roy Skaria
3833,120,7,7397.4,2,4,5,Clients Perdus,Rick Wilson
3834,89,9,3279.75,3,5,4,Clients Potentiels,Rob Williams
3835,79,5,3495.64,3,3,4,Clients Potentiels,Robert Waldorf
3836,63,10,4767.34,3,5,5,Champions,Sue Ann Reed
3837,201,3,1348.02,2,1,2,Clients à Risque,Sarah Bern
3838,188,6,6411.0,2,3,5,Clients Perdus,Sarah Brown
3839,47,7,8057.89,4,4,5,Champions,Sean Braxton
3840,780,5,3362.96,1,3,4,Clients Perdus,Sam Craven
3841,40,9,4624.57,4,5,5,Champions,Sample Company A
3842,349,9,14142.34,1,5,5,Clients Perdus,Sanjit Chand
3843,149,4,4371.96,2,2,5,Clients à Risque,Scot Coram
3844,187,8,3729.8,2,4,4,Clients Perdus,Scott Cohen
3845,29,6,3650.47,4,3,4,Clients Fidèles,Sean Christensen
3846,30,9,5992.53,4,5,5,Champions,Shahid Collister
3847,36,7,1875.0,4,4,3,Clients Fidèles,Shaun Chance
3848,92,4,799.8,3,2,1,Autres,Sonia Cooley
3849,126,6,1254.64,2,3,2,Clients Perdus,Steve Carroll
3850,89,10,2576.4,3,5,3,Clients Potentiels,Steve Chapman
3851,187,11,5226.2,2,5,5,Clients Perdus,Steven Cartwright
3852,41,7,4492.68,4,4,5,Champions,Stewart Carmichael
3853,30,4,279.25,4,2,1,Nouveaux Clients,Stuart Calhoun
3854,414,1,14.11,1,1,1,Clients à Risque,Sung Chung
3855,200,9,6121.1,2,5,5,Clients Perdus,Shirley Daniels
3856,9,11,12209.44,5,5,5,Champions,Sanjit Engle
3857,59,7,763.54,3,4,1,Autres,Sandra Flanagan
3858,59,9,3422.78,3,5,4,Clients Potentiels,Sarah Foster
3859,48,9,3336.53,4,5,4,Champions,Sylvia Foulston
3860,8,3,3406.58,5,1,4,Clients Potentiels,Sandra Glassco
3861,183,8,1884.8,2,4,3,Clients Perdus,Sheri Gordon
3862,108,5,3118.9,2,3,4,Clients Perdus,Speros Goranitis
3863,226,3,47.95,2,1,1,Clients à Risque,Susan Gilcrest
3864,29,12,2465.68,4,5,3,Clients Fidèles,Sally Hughsby
3865,23,10,2180.7,5,5,3,Champions,Shahid Hopkins
3866,764,2,2096.39,1,1,3,Clients à Risque,Stefanie Holloman
3867,95,12,3949.65,3,5,4,Clients Potentiels,Sanjit Jacobs
3868,29,6,1341.04,4,3,2,Clients Fidèles,Sarah Jordon
3869,253,5,1318.77,1,3,2,Clients Perdus,Shirley Jackson
3870,8,3,883.41,5,1,1,Nouveaux Clients,Sally Knutson
3871,70,6,3046.53,3,3,4,Clients Potentiels,Sara Luxemburg
3872,421,4,244.49,1,2,1,Clients à Risque,Sally Matthias
3873,79,5,25043.07,3,3,5,Clients Potentiels,Sean Miller
3874,606,1,1043.05,1,1,2,Clients à Risque,Susan MacKendrick
3875,25,11,4464.87,5,5,5,Champions,Suzanne McNair
3876,111,6,1860.42,2,3,3,Clients Perdus,Skye Norling
3877,79,7,3127.97,3,4,4,Clients Potentiels,Steve Nguyen
3878,29,6,2602.58,4,3,3,Clients Fidèles,Sean O'Donnell
3879,327,6,1306.09,1,3,2,Clients Perdus,Sibella Parks
3880,47,9,5440.32,4,5,5,Champions,Stefania Perrino
3881,386,9,1872.43,1,5,3,Clients Perdus,Stephanie Phelps
3882,79,10,4282.92,3,5,5,Champions,Sung Pak
3883,70,6,3990.67,3,3,4,Clients Potentiels,Susan Pistek
3884,8,5,3233.48,5,3,4,Clients Fidèles,Sharelle Roach
3885,196,8,4345.88,2,4,5,Clients Perdus,Steven Roelle
3886,15,8,1324.03,5,4,2,Clients Fidèles,Saphhira Shifley
3887,110,6,3056.81,2,3,4,Clients Perdus,Shahid Shariari
3888,491,3,613.4,1,1,1,Clients à Risque,Shirley Schmidt
3889,432,6,418.49,1,3,1,Clients Perdus,Sonia Sunley
3890,120,5,964.63,2,3,2,Clients Perdus,Sung Shariari
3891,125,7,433.34,2,4,1,Clients Perdus,Shui Tom
3892,20,7,2595.38,5,4,3,Clients Fidèles,Stephanie Ulpright
3893,101,10,11470.94,3,5,5,Champions,Seth Vernon
3894,320,9,4105.32,1,5,4,Clients Perdus,Stewart Visinsky
3895,76,4,1271.09,3,2,2,Autres,Stuart Van
3896,2,8,1903.49,5,4,3,Clients Fidèles,Susan Vittorini
3897,81,7,1085.06,3,4,2,Autres,Scot Wooten
3898,30,6,1966.65,4,3,3,Clients Fidèles,Scott Williamson
3899,162,3,1019.04,2,1,2,Clients à Risque,Sean Wendt
3900,162,6,2835.56,2,3,4,Clients Perdus,Shaun Weien
3901,534,2,758.69,1,1,1,Clients à Risque,Steven Ward
3902,35,11,3625.34,4,5,4,Champions,Sam Zeldin
3903,69,4,14595.62,3,2,5,Clients Potentiels,Tom Ashbrook
3904,119,4,1451.37,2,2,2,Clients à Risque,Ted Butterfield
3905,58,4,3589.29,3,2,4,Clients Potentiels,Thomas Boland
3906,49,4,816.17,4,2,1,Nouveaux Clients,Thomas Brumley
3907,349,7,1602.37,1,4,2,Clients Perdus,Tim Brockman
3908,583,6,2198.46,1,3,3,Clients Perdus,Toby Braunhardt
3909,146,5,834.33,2,3,1,Clients Perdus,Todd Boyes
3910,202,6,9108.74,2,3,5,Clients Perdus,Tom Boeckenhauer
3911,107,9,4737.48,2,5,5,Clients Perdus,Tracy Blumstein
3912,285,4,1240.88,1,2,2,Clients à Risque,Troy Blackwell
3913,30,9,2797.68,4,5,4,Champions,Trudy Brown
3914,399,5,19052.22,1,3,5,Clients Perdus,Tamara Chand
3915,106,1,1038.26,2,1,2,Clients à Risque,Theresa Coyne
3916,27,8,4266.81,4,5,5,Champions,Toby Carlisle
3917,153,9,1244.98,2,5,2,Clients Perdus,Tony Chapman
3918,4,7,742.55,5,4,1,Clients Fidèles,Tracy Collins
3919,37,9,1434.56,4,5,2,Clients Fidèles,Tamara Dahlen
3920,337,5,3058.38,1,3,4,Clients Perdus,Toby Gnade
3921,114,4,2074.67,2,2,3,Clients à Risque,Trudy Glocke
3922,344,5,2422.83,1,3,3,Clients Perdus,Thea Hendricks
3923,58,4,2942.78,3,2,4,Clients Potentiels,Thea Hudgings
3924,117,8,1022.21,2,5,2,Clients Perdus,Tiffany House
3925,72,7,4234.1,3,4,4,Clients Potentiels,Tracy Hopkins
3926,103,7,2819.03,3,4,4,Clients Potentiels,Tamara Manning
3927,130,3,1094.68,2,1,2,Clients à Risque,Tony Molinari
3928,90,7,3130.23,3,4,4,Clients Potentiels,Tanja Norvell
3929,8,9,4454.06,5,5,5,Champions,Theone Pippenger
3930,104,5,5328.98,3,3,5,Clients Potentiels,Tom Prescott
3931,350,4,1936.62,1,2,3,Clients à Risque,Tracy Poddar
3932,193,5,675.94,2,3,1,Clients Perdus,Toby Ritter
3933,357,2,4.84,1,1,1,Clients à Risque,Thais Sissman
3934,504,6,2163.63,1,3,3,Clients Perdus,Theresa Swint
3935,198,7,5371.11,2,4,5,Clients Perdus,Thomas Seio
3936,226,5,974.78,2,3,2,Clients Perdus,Toby Swindell
3937,36,6,11891.75,4,3,5,Clients Fidèles,Todd Sumrall
3938,172,5,2054.14,2,3,3,Clients Perdus,Tom Stivers
3939,11,6,2243.28,5,3,3,Clients Fidèles,Tony Sayre
3940,55,7,2820.42,3,4,4,Clients Potentiels,Troy Staebel
3941,238,5,3368.08,1,3,4,Clients Perdus,Trudy Schmidt
3942,31,7,4915.59,4,4,5,Champions,Ted Trevino
3943,183,8,1427.05,2,5,2,Clients Perdus,Thomas Thornton
3944,406,3,439.5,1,1,1,Clients à Risque,Tim Taslimi
3945,12,7,5364.8,5,4,5,Champions,Tonja Turnell
3946,64,7,5278.82,3,4,5,Clients Potentiels,Tamara Willingham
3947,35,4,1707.28,4,2,2,Nouveaux Clients,Tracy Zic
3948,54,6,2005.59,3,3,3,Clients Potentiels,Victoria Brennan
3949,581,6,6442.26,1,3,5,Clients Perdus,Valerie Dominguez
3950,13,5,847.95,5,3,1,Clients Fidèles,Vicky Freymann
3951,154,6,846.02,2,3,1,Clients Perdus,Vivek Gonzalez
3952,491,4,418.43,1,2,1,Clients à Risque,Vivek Grady
3953,54,7,2454.87,3,4,3,Clients Potentiels,Valerie Mitchum
3954,117,5,380.69,2,3,1,Clients Perdus,Vivian Mathis
3955,30,3,993.9,4,1,2,Nouveaux Clients,Victor Preis
3956,75,7,3360.54,3,4,4,Clients Potentiels,Victoria Pisteka
3957,221,4,1055.99,2,2,2,Clients à Risque,Vivek Sundaresam
3958,999,2,1736.6,1,1,3,Clients à Risque,Valerie Takahito
3959,28,10,6134.04,4,5,5,Champions,Victoria Wilson
3960,20,10,6129.71,5,5,5,Champions,William Brown
3961,43,11,2374.66,4,5,3,Clients Fidèles,Xylona Preis
3962,4,5,5454.35,5,3,5,Champions,Yoseph Carroll
3963,9,8,6720.44,5,5,5,Champions,Yana Sorensen
3964,54,13,8025.7,3,5,5,Champions,Zuschuss Carroll
3965,202,5,1493.94,2,3,2,Clients Perdus,Zuschuss Donatelli
