customer_key,recency,frequency,monetary,customer_name,email,R_score,F_score,M_score,RFM_score,RFM_total,segment
3173,184,11,5563.56,Alex Avila,alex.avila@email.com,2,3,5,235,10,Clients Perdus
3174,19,15,1056.39,Allen Armold,allen.armold@email.com,5,4,2,542,11,Clients Fidèles
3175,259,12,1790.51,Andrew Allen,andrew.allen@email.com,1,3,3,133,7,Clients Perdus
3176,55,18,5086.9400000000005,Anna Andreadi,anna.andreadi@email.com,3,5,5,355,13,Champions
3177,415,6,886.15,Aaron Bergman,aaron.bergman@email.com,1,1,1,111,3,Clients à Risque
3178,54,18,7755.63,Adam Bellavance,adam.bellavance@email.com,3,5,5,355,13,Champions
3179,41,20,14473.57,Adrian Barton,adrian.barton@email.com,4,5,5,455,14,Champions
3180,41,12,966.71,Aimee Bixby,aimee.bixby@email.com,4,3,2,432,9,Clients Fidèles
3181,25,14,1113.8500000000001,Alan Barnes,alan.barnes@email.com,5,4,2,542,11,Clients Fidèles
3182,166,14,914.53,Alejandro Ballentine,alejandro.ballentine@email.com,2,4,1,241,7,Clients Perdus
3183,50,8,1515.86,Ann Blume,ann.blume@email.com,4,2,2,422,8,Nouveaux Clients
3184,232,5,925.8000000000001,Alyssa Crouse,alyssa.crouse@email.com,1,1,1,111,3,Clients à Risque
3185,11,9,5527.85,Amy Cox,amy.cox@email.com,5,2,5,525,12,Clients Potentiels
3186,6,18,2537.69,Ann Chong,ann.chong@email.com,5,5,3,553,13,Champions
3187,282,6,657.31,Anna Chung,anna.chung@email.com,1,1,1,111,3,Clients à Risque
3188,29,12,6106.88,Alan Dominguez,alan.dominguez@email.com,4,3,5,435,12,Clients Fidèles
3189,41,16,2052.91,Art Ferguson,art.ferguson@email.com,4,4,3,443,11,Clients Fidèles
3190,415,7,861.57,Art Foster,art.foster@email.com,1,1,1,111,3,Clients à Risque
3191,278,14,2582.9,Alejandro Grove,alejandro.grove@email.com,1,4,3,143,8,Clients Perdus
3192,118,5,367.55,Aleksandra Gannaway,aleksandra.gannaway@email.com,2,1,1,211,4,Clients à Risque
3193,8,9,660.97,Alex Grayson,alex.grayson@email.com,5,2,1,521,8,Nouveaux Clients
3194,114,8,200.95,Allen Goldenen,allen.goldenen@email.com,2,2,1,221,5,Clients à Risque
3195,78,14,1419.25,Andrew Gjertsen,andrew.gjertsen@email.com,3,4,2,342,9,Autres
3196,844,9,1455.0400000000002,Andy Gerbode,andy.gerbode@email.com,1,2,2,122,5,Clients à Risque
3197,97,15,3489.06,Anna Gayman,anna.gayman@email.com,3,4,4,344,11,Clients Potentiels
3198,77,5,170.59,Anthony Garverick,anthony.garverick@email.com,3,1,1,311,5,Autres
3199,96,21,4510.79,Arthur Gainer,arthur.gainer@email.com,3,5,5,355,13,Champions
3200,12,11,1744.7,Aaron Hawkins,aaron.hawkins@email.com,5,3,3,533,11,Clients Fidèles
3201,34,20,3250.35,Adam Hart,adam.hart@email.com,4,5,4,454,13,Champions
3202,60,16,1735.53,Adrian Hane,adrian.hane@email.com,3,4,3,343,10,Clients Potentiels
3203,55,8,1587.45,Alan Haines,alan.haines@email.com,3,2,2,322,7,Autres
3204,6,13,4805.35,Alan Hwang,alan.hwang@email.com,5,3,5,535,13,Champions
3205,230,8,2495.4,Amy Hunt,amy.hunt@email.com,1,2,3,123,6,Clients à Risque
3206,21,5,738.5,Angele Hood,angele.hood@email.com,5,1,1,511,7,Nouveaux Clients
3207,410,23,7888.3,Anna Häberlin,anna.häberlin@email.com,1,5,5,155,11,Clients Perdus
3208,13,18,4375.79,Arianne Irving,arianne.irving@email.com,5,5,5,555,15,Champions
3209,75,15,4867.34,Anthony Jacobs,anthony.jacobs@email.com,3,4,5,345,12,Clients Potentiels
3210,166,21,4501.39,Anthony Johnson,anthony.johnson@email.com,2,5,5,255,12,Clients Perdus
3211,121,9,1829.9,Ashley Jarboe,ashley.jarboe@email.com,2,2,3,223,7,Clients à Risque
3212,74,5,629.25,Astrea Jones,astrea.jones@email.com,3,1,1,311,5,Autres
3213,28,12,814.01,Alice McCarthy,alice.mccarthy@email.com,4,3,1,431,8,Clients Fidèles
3214,162,22,5664.0199999999995,Anne McFarland,anne.mcfarland@email.com,2,5,5,255,12,Clients Perdus
3215,501,1,161.28,Anthony O'Donnell,anthony.o'donnell@email.com,1,1,1,111,3,Clients à Risque
3216,41,10,545.93,Anne Pryor,anne.pryor@email.com,4,2,1,421,7,Nouveaux Clients
3217,98,31,3323.55,Arthur Prichep,arthur.prichep@email.com,3,5,4,354,12,Clients Potentiels
3218,111,5,1055.69,Alex Russell,alex.russell@email.com,2,1,2,212,5,Clients à Risque
3219,125,7,2236.12,Allen Rosenblatt,allen.rosenblatt@email.com,2,1,3,213,6,Clients à Risque
3220,14,7,264.87,Andrew Roberts,andrew.roberts@email.com,5,1,1,511,7,Nouveaux Clients
3221,6,9,6608.45,Andy Reiter,andy.reiter@email.com,5,2,5,525,12,Clients Potentiels
3222,534,2,88.15,Anemone Ratner,anemone.ratner@email.com,1,1,1,111,3,Clients à Risque
3223,58,13,4523.33,Anthony Rawles,anthony.rawles@email.com,3,3,5,335,11,Clients Potentiels
3224,88,10,3050.69,Aaron Smayling,aaron.smayling@email.com,3,2,4,324,9,Clients Potentiels
3225,28,25,3255.3,Adam Shillingsburg,adam.shillingsburg@email.com,4,5,4,454,13,Champions
3226,41,3,58.82,Adrian Shami,adrian.shami@email.com,4,1,1,411,6,Nouveaux Clients
3227,22,13,4260.78,Alan Schoenberger,alan.schoenberger@email.com,5,3,4,534,12,Clients Fidèles
3228,192,10,503.98,Alan Shonely,alan.shonely@email.com,2,2,1,221,5,Clients à Risque
3229,19,8,3214.24,Alejandro Savely,alejandro.savely@email.com,5,2,4,524,11,Clients Potentiels
3230,92,12,833.4100000000001,Ann Steele,ann.steele@email.com,3,3,1,331,7,Autres
3231,21,8,1166.0700000000002,Alyssa Tate,alyssa.tate@email.com,5,2,2,522,9,Nouveaux Clients
3232,13,16,3831.87,Annie Thurman,annie.thurman@email.com,5,4,4,544,13,Champions
3233,20,8,649.37,Anthony Witt,anthony.witt@email.com,5,2,1,521,8,Nouveaux Clients
3234,46,16,2852.9500000000003,Arthur Wiediger,arthur.wiediger@email.com,4,4,4,444,12,Clients Fidèles
3235,14,10,497.02,Andy Yotov,andy.yotov@email.com,5,2,1,521,8,Nouveaux Clients
3236,160,12,1622.03,Annie Zypern,annie.zypern@email.com,2,3,2,232,7,Clients Perdus
3237,105,8,744.3299999999999,Barry Blumstein,barry.blumstein@email.com,2,2,1,221,5,Clients à Risque
3238,28,20,6765.73,Brenda Bowman,brenda.bowman@email.com,4,5,5,455,14,Champions
3239,202,18,2933.67,Becky Castell,becky.castell@email.com,2,5,4,254,11,Clients Perdus
3240,33,19,5718.53,Bill Donatelli,bill.donatelli@email.com,4,5,5,455,14,Champions
3241,35,10,4411.25,Bradley Drucker,bradley.drucker@email.com,4,2,5,425,11,Clients Potentiels
3242,278,4,320.54,Brendan Dodson,brendan.dodson@email.com,1,1,1,111,3,Clients à Risque
3243,97,15,2783.19,Brian Dahlen,brian.dahlen@email.com,3,4,4,344,11,Clients Potentiels
3244,69,8,1538.12,Brian DeCherney,brian.decherney@email.com,3,2,2,322,7,Autres
3245,9,5,582.65,Brian Derr,brian.derr@email.com,5,1,1,511,7,Nouveaux Clients
3246,93,10,1526.5,Bruce Degenhardt,bruce.degenhardt@email.com,3,2,2,322,7,Autres
3247,327,10,658.46,Bryan Davis,bryan.davis@email.com,1,2,1,121,4,Clients à Risque
3248,119,9,4204.68,Bill Eplett,bill.eplett@email.com,2,2,4,224,8,Clients à Risque
3249,98,5,2261.44,Bobby Elias,bobby.elias@email.com,3,1,3,313,7,Clients Potentiels
3250,481,10,748.03,Brad Eason,brad.eason@email.com,1,2,1,121,4,Clients à Risque
3251,91,13,599.79,Barbara Fisher,barbara.fisher@email.com,3,3,1,331,7,Autres
3252,39,10,1333.89,Barry Franz,barry.franz@email.com,4,2,2,422,8,Nouveaux Clients
3253,74,21,2888.5,Barry Französisch,barry.französisch@email.com,3,5,4,354,12,Clients Potentiels
3254,25,6,272.95,Bart Folk,bart.folk@email.com,5,1,1,511,7,Nouveaux Clients
3255,16,27,5907.97,Ben Ferrer,ben.ferrer@email.com,5,5,5,555,15,Champions
3256,65,8,1585.17,Benjamin Farhat,benjamin.farhat@email.com,3,2,2,322,7,Autres
3257,57,4,791.99,Beth Fritzler,beth.fritzler@email.com,3,1,1,311,5,Autres
3258,28,12,2798.96,Barry Gonzalez,barry.gonzalez@email.com,4,3,4,434,11,Clients Fidèles
3259,36,8,1874.18,Brooke Gillingham,brooke.gillingham@email.com,4,2,3,423,9,Clients Potentiels
3260,57,7,1006.35,Bruce Geld,bruce.geld@email.com,3,1,2,312,6,Autres
3261,23,24,6255.34,Brosina Hoffman,brosina.hoffman@email.com,5,5,5,555,15,Champions
3262,77,16,659.15,Berenike Kampe,berenike.kampe@email.com,3,4,1,341,8,Autres
3263,307,16,11789.64,Becky Martin,becky.martin@email.com,1,4,5,145,10,Clients Perdus
3264,100,10,808.16,Brendan Murry,brendan.murry@email.com,3,2,1,321,6,Autres
3265,33,29,7294.18,Brian Moss,brian.moss@email.com,4,5,5,455,14,Champions
3266,218,14,1338.82,Bryan Mills,bryan.mills@email.com,2,4,2,242,8,Clients Perdus
3267,24,6,265.31,Brad Norvell,brad.norvell@email.com,5,1,1,511,7,Nouveaux Clients
3268,9,17,1459.34,Bradley Nguyen,bradley.nguyen@email.com,5,4,2,542,11,Clients Fidèles
3269,137,12,2682.73,Bill Overfelt,bill.overfelt@email.com,2,3,3,233,8,Clients Perdus
3270,75,2,130.83,Bobby Odegard,bobby.odegard@email.com,3,1,1,311,5,Autres
3271,83,7,983.4200000000001,Barry Pond,barry.pond@email.com,3,1,2,312,6,Autres
3272,17,20,2442.05,Bart Pistole,bart.pistole@email.com,5,5,3,553,13,Champions
3273,89,11,1697.8700000000001,Becky Pak,becky.pak@email.com,3,3,2,332,8,Autres
3274,1,18,3675.86,Ben Peterman,ben.peterman@email.com,5,5,4,554,14,Champions
3275,39,6,1181.49,Benjamin Patterson,benjamin.patterson@email.com,4,1,2,412,7,Nouveaux Clients
3276,12,16,2475.16,Beth Paige,beth.paige@email.com,5,4,3,543,12,Clients Fidèles
3277,558,9,10501.65,Bill Shonely,bill.shonely@email.com,1,2,5,125,8,Clients à Risque
3278,28,13,3887.82,Bill Stewart,bill.stewart@email.com,4,3,4,434,11,Clients Fidèles
3279,35,10,2454.9300000000003,Brendan Sweed,brendan.sweed@email.com,4,2,3,423,9,Clients Potentiels
3280,582,11,3288.12,Brian Stugart,brian.stugart@email.com,1,3,4,134,8,Clients Perdus
3281,1,14,2562.38,Bruce Stewart,bruce.stewart@email.com,5,4,3,543,12,Clients Fidèles
3282,265,8,949.43,Bryan Spruell,bryan.spruell@email.com,1,2,2,122,5,Clients à Risque
3283,336,9,2567.66,Beth Thompson,beth.thompson@email.com,1,2,3,123,6,Clients à Risque
3284,302,10,2186.61,Bill Tyler,bill.tyler@email.com,1,2,3,123,6,Clients à Risque
3285,560,7,603.87,Bobby Trafton,bobby.trafton@email.com,1,1,1,111,3,Clients à Risque
3286,659,3,415.2,Brad Thomas,brad.thomas@email.com,1,1,1,111,3,Clients à Risque
3287,91,10,2684.5,Bradley Talbott,bradley.talbott@email.com,3,2,3,323,8,Clients Potentiels
3288,20,20,3196.75,Brian Thompson,brian.thompson@email.com,5,5,4,554,14,Champions
3289,334,14,1523.28,Benjamin Venier,benjamin.venier@email.com,1,4,2,142,7,Clients Perdus
3290,212,3,385.51,Barry Weirich,barry.weirich@email.com,2,1,1,211,4,Clients à Risque
3291,121,17,4750.36,Bart Watters,bart.watters@email.com,2,4,5,245,11,Clients Perdus
3292,203,10,1738.41,Ben Wallace,ben.wallace@email.com,2,2,3,223,7,Clients à Risque
3293,96,10,3789.7200000000003,Carol Adams,carol.adams@email.com,3,2,4,324,9,Clients Potentiels
3294,401,10,1679.72,Cathy Armstrong,cathy.armstrong@email.com,1,2,2,122,5,Clients à Risque
3295,56,16,2638.33,Christina Anderson,christina.anderson@email.com,3,4,3,343,10,Clients Potentiels
3296,13,11,1421.96,Christine Abelman,christine.abelman@email.com,5,3,2,532,10,Clients Fidèles
3297,120,17,3041.58,Cynthia Arntzen,cynthia.arntzen@email.com,2,4,4,244,10,Clients Perdus
3298,47,22,5730.68,Cassandra Brandow,cassandra.brandow@email.com,4,5,5,455,14,Champions
3299,26,12,1949.21,Christy Brittain,christy.brittain@email.com,5,3,3,533,11,Clients Fidèles
3300,197,19,4246.46,Claudia Bergmann,claudia.bergmann@email.com,2,5,4,254,11,Clients Perdus
3301,457,12,1685.8899999999999,Chad Cunningham,chad.cunningham@email.com,1,3,2,132,6,Clients Perdus
3302,106,11,2471.65,Charles Crestani,charles.crestani@email.com,2,3,3,233,8,Clients Perdus
3303,20,21,3670.27,Chris Cortes,chris.cortes@email.com,5,5,4,554,14,Champions
3304,43,11,12129.08,Christopher Conant,christopher.conant@email.com,4,3,5,435,12,Clients Fidèles
3305,0,19,2870.05,Chuck Clark,chuck.clark@email.com,5,5,4,554,14,Champions
3306,39,13,1659.45,Cindy Chapman,cindy.chapman@email.com,4,3,2,432,9,Clients Fidèles
3307,27,4,113.84,Clay Cheatham,clay.cheatham@email.com,4,1,1,411,6,Nouveaux Clients
3308,34,12,2540.63,Corey Catlett,corey.catlett@email.com,4,3,3,433,10,Clients Fidèles
3309,29,14,2269.69,Craig Carreira,craig.carreira@email.com,4,4,3,443,11,Clients Fidèles
3310,798,12,2854.12,Craig Carroll,craig.carroll@email.com,1,3,4,134,8,Clients Perdus
3311,40,9,2033.97,Carlos Daly,carlos.daly@email.com,4,2,3,423,9,Clients Potentiels
3312,54,6,639.76,Carol Darley,carol.darley@email.com,3,1,1,311,5,Autres
3313,42,13,1205.58,Christina DeMoss,christina.demoss@email.com,4,3,2,432,9,Clients Fidèles
3314,399,15,1860.74,Cynthia Delaney,cynthia.delaney@email.com,1,4,3,143,8,Clients Perdus
3315,49,9,904.4799999999999,Catherine Glotzbach,catherine.glotzbach@email.com,4,2,1,421,7,Nouveaux Clients
3316,338,5,1148.78,Claire Gute,claire.gute@email.com,1,1,2,112,4,Clients à Risque
3317,690,4,1537.24,Cathy Hwang,cathy.hwang@email.com,1,1,2,112,4,Clients à Risque
3318,365,1,16.52,Carl Jackson,carl.jackson@email.com,1,1,1,111,3,Clients à Risque
3319,189,20,11164.970000000001,Caroline Jumper,caroline.jumper@email.com,2,5,5,255,12,Clients Perdus
3320,39,32,3154.83,Chloris Kastensmidt,chloris.kastensmidt@email.com,4,5,4,454,13,Champions
3321,120,12,2945.32,Christine Kargatis,christine.kargatis@email.com,2,3,4,234,9,Clients Perdus
3322,43,25,2372.75,Clytie Kelty,clytie.kelty@email.com,4,5,3,453,12,Clients Fidèles
3323,82,14,1582.1100000000001,Cyma Kinney,cyma.kinney@email.com,3,4,2,342,9,Autres
3324,106,7,1262.01,Carl Ludwig,carl.ludwig@email.com,2,1,2,212,5,Clients à Risque
3325,284,28,10880.56,Clay Ludtke,clay.ludtke@email.com,1,5,5,155,11,Clients Perdus
3326,260,7,2335.59,Craig Leslie,craig.leslie@email.com,1,1,3,113,5,Clients à Risque
3327,131,10,1673.89,Candace McMahon,candace.mcmahon@email.com,2,2,2,222,6,Clients à Risque
3328,707,4,565.39,Carlos Meador,carlos.meador@email.com,1,1,1,111,3,Clients à Risque
3329,8,7,1661.6100000000001,Chad McGuire,chad.mcguire@email.com,5,1,2,512,8,Nouveaux Clients
3330,26,7,2533.32,Charles McCrossin,charles.mccrossin@email.com,5,1,3,513,9,Clients Potentiels
3331,8,7,1475.14,Charlotte Melton,charlotte.melton@email.com,5,1,2,512,8,Nouveaux Clients
3332,385,8,2305.71,Chris McAfee,chris.mcafee@email.com,1,2,3,123,6,Clients à Risque
3333,37,10,8954.009999999998,Christopher Martinez,christopher.martinez@email.com,4,2,5,425,11,Clients Potentiels
3334,436,9,288.0,Chuck Magee,chuck.magee@email.com,1,2,1,121,4,Clients à Risque
3335,27,8,5890.51,Corinna Mitchell,corinna.mitchell@email.com,4,2,5,425,11,Clients Potentiels
3336,1034,13,3984.45,Craig Molinari,craig.molinari@email.com,1,3,4,134,8,Clients Perdus
3337,549,8,1300.08,Corey-Lock,corey-lock@email.com,1,2,2,122,5,Clients à Risque
3338,82,14,5402.250000000001,Cathy Prescott,cathy.prescott@email.com,3,4,5,345,12,Clients Potentiels
3339,160,14,5817.21,Christine Phan,christine.phan@email.com,2,4,5,245,11,Clients Perdus
3340,57,6,2148.85,Clay Rozendal,clay.rozendal@email.com,3,1,3,313,7,Clients Potentiels
3341,470,4,475.9,Corey Roper,corey.roper@email.com,1,1,1,111,3,Clients à Risque
3342,78,6,1600.55,Craig Reiter,craig.reiter@email.com,3,1,2,312,6,Autres
3343,85,7,1397.88,Cyra Reiten,cyra.reiten@email.com,3,1,2,312,6,Autres
3344,91,8,1278.96,Cari Sayre,cari.sayre@email.com,3,2,2,322,7,Autres
3345,162,7,537.63,Cari Schnelling,cari.schnelling@email.com,2,1,1,211,4,Clients à Risque
3346,25,22,3036.5299999999997,Carlos Soltero,carlos.soltero@email.com,5,5,4,554,14,Champions
3347,489,7,884.64,Chad Sievert,chad.sievert@email.com,1,1,1,111,3,Clients à Risque
3348,232,8,844.46,Charles Sheldon,charles.sheldon@email.com,1,2,1,121,4,Clients à Risque
3349,26,28,2754.22,Chris Selesnick,chris.selesnick@email.com,5,5,4,554,14,Champions
3350,6,22,3202.1600000000003,Christine Sundaresam,christine.sundaresam@email.com,5,5,4,554,14,Champions
3351,2,14,3651.86,Christopher Schild,christopher.schild@email.com,5,4,4,544,13,Champions
3352,27,6,550.6400000000001,Chuck Sachs,chuck.sachs@email.com,4,1,1,411,6,Nouveaux Clients
3353,424,8,970.1099999999999,Cindy Schnelling,cindy.schnelling@email.com,1,2,2,122,5,Clients à Risque
3354,58,9,5690.07,Cindy Stewart,cindy.stewart@email.com,3,2,5,325,10,Clients Potentiels
3355,96,18,3241.9,Carol Triggs,carol.triggs@email.com,3,5,4,354,12,Clients Potentiels
3356,254,13,2830.63,Christina VanderZanden,christina.vanderzanden@email.com,1,3,4,134,8,Clients Perdus
3357,5,19,2370.33,Cynthia Voltz,cynthia.voltz@email.com,5,5,3,553,13,Champions
3358,22,11,1136.59,Carl Weiss,carl.weiss@email.com,5,3,2,532,10,Clients Fidèles
3359,60,10,2004.0800000000002,Craig Yedwab,craig.yedwab@email.com,3,2,3,323,8,Clients Potentiels
3360,352,8,156.76,Dianna Arnett,dianna.arnett@email.com,1,2,1,121,4,Clients à Risque
3361,21,12,2171.61,Daniel Byrd,daniel.byrd@email.com,5,3,3,533,11,Clients Fidèles
3362,241,10,2469.67,Darren Budd,darren.budd@email.com,1,2,3,123,6,Clients à Risque
3363,16,10,4151.51,Dave Brooks,dave.brooks@email.com,5,2,4,524,11,Clients Potentiels
3364,48,14,2973.09,David Bremer,david.bremer@email.com,4,4,4,444,12,Clients Fidèles
3365,9,21,2332.57,Dean Braden,dean.braden@email.com,5,5,3,553,13,Champions
3366,53,13,4655.9,Deborah Brumfield,deborah.brumfield@email.com,4,3,5,435,12,Clients Fidèles
3367,264,6,1081.47,Dennis Bolton,dennis.bolton@email.com,1,1,2,112,4,Clients à Risque
3368,187,14,1711.69,Denny Blanton,denny.blanton@email.com,2,4,3,243,9,Clients Perdus
3369,107,14,3908.8,Dorothy Badders,dorothy.badders@email.com,2,4,4,244,10,Clients Perdus
3370,33,11,1989.05,Doug Bickford,doug.bickford@email.com,4,3,3,433,10,Clients Fidèles
3371,12,10,1155.21,Duane Benoit,duane.benoit@email.com,5,2,2,522,9,Nouveaux Clients
3372,37,18,3336.17,Dan Campbell,dan.campbell@email.com,4,5,4,454,13,Champions
3373,23,7,1174.62,Debra Catini,debra.catini@email.com,5,1,2,512,8,Nouveaux Clients
3374,41,9,269.53000000000003,Dorothy Dickinson,dorothy.dickinson@email.com,4,2,1,421,7,Nouveaux Clients
3375,718,9,2550.87,Deanra Eno,deanra.eno@email.com,1,2,3,123,6,Clients à Risque
3376,699,6,2390.54,David Flashing,david.flashing@email.com,1,1,3,113,5,Clients à Risque
3377,32,8,3195.82,Deirdre Greer,deirdre.greer@email.com,4,2,4,424,10,Clients Potentiels
3378,277,18,3487.19,Dave Hallsten,dave.hallsten@email.com,1,5,4,154,10,Clients Perdus
3379,775,11,1043.09,Duane Huffman,duane.huffman@email.com,1,3,2,132,6,Clients Perdus
3380,637,5,2012.52,Denny Joy,denny.joy@email.com,1,1,3,113,5,Clients à Risque
3381,48,13,2501.69,Don Jones,don.jones@email.com,4,3,3,433,10,Clients Fidèles
3382,12,8,3356.4,Doug Jacobs,doug.jacobs@email.com,5,2,4,524,11,Clients Potentiels
3383,21,27,3256.48,Damala Kotsonis,damala.kotsonis@email.com,5,5,4,554,14,Champions
3384,45,15,4282.16,Dana Kaydos,dana.kaydos@email.com,4,4,5,445,13,Champions
3385,7,8,1687.03,Darren Koutras,darren.koutras@email.com,5,2,2,522,9,Nouveaux Clients
3386,42,13,2650.55,Dave Kipp,dave.kipp@email.com,4,3,3,433,10,Clients Fidèles
3387,10,5,797.8299999999999,David Kendrick,david.kendrick@email.com,5,1,1,511,7,Nouveaux Clients
3388,10,19,4802.389999999999,Dean Katz,dean.katz@email.com,5,5,5,555,15,Champions
3389,19,23,3318.4900000000002,Dennis Kane,dennis.kane@email.com,5,5,4,554,14,Champions
3390,100,7,444.02,Dan Lawera,dan.lawera@email.com,3,1,1,311,5,Autres
3391,57,14,3272.2,Daniel Lacy,daniel.lacy@email.com,3,4,4,344,11,Clients Potentiels
3392,22,17,1458.25,Delfina Latchford,delfina.latchford@email.com,5,4,2,542,11,Clients Fidèles
3393,57,8,585.02,Denise Leinenbach,denise.leinenbach@email.com,3,2,1,321,6,Autres
3394,76,12,3539.32,Dionis Lloyd,dionis.lloyd@email.com,3,3,4,334,10,Clients Potentiels
3395,119,6,755.6,Dorris liebe,dorris.liebe@email.com,2,1,1,211,4,Clients à Risque
3396,114,9,1322.03,Dario Medina,dario.medina@email.com,2,2,2,222,6,Clients à Risque
3397,57,20,6345.09,Darrin Martin,darrin.martin@email.com,3,5,5,355,13,Champions
3398,22,13,4074.47,Denise Monton,denise.monton@email.com,5,3,4,534,12,Clients Fidèles
3399,481,10,1376.8,Don Miller,don.miller@email.com,1,2,2,122,5,Clients à Risque
3400,217,11,2139.79,Duane Noonan,duane.noonan@email.com,2,3,3,233,8,Clients Perdus
3401,133,13,1300.03,Denny Ordway,denny.ordway@email.com,2,3,2,232,7,Clients Perdus
3402,26,11,1267.32,Doug O'Connell,doug.o'connell@email.com,5,3,2,532,10,Clients Fidèles
3403,126,15,897.52,Darren Powers,darren.powers@email.com,2,4,1,241,7,Clients Perdus
3404,6,14,2214.9900000000002,Dave Poirier,dave.poirier@email.com,5,4,3,543,12,Clients Fidèles
3405,811,4,1058.62,David Philippe,david.philippe@email.com,1,1,2,112,4,Clients à Risque
3406,84,29,7198.77,Dean percer,dean.percer@email.com,3,5,5,355,13,Champions
3407,358,14,5480.73,Dennis Pardue,dennis.pardue@email.com,1,4,5,145,10,Clients Perdus
3408,3,24,6528.03,Dan Reichenbach,dan.reichenbach@email.com,5,5,5,555,15,Champions
3409,50,13,8350.869999999999,Daniel Raglin,daniel.raglin@email.com,4,3,5,435,12,Clients Fidèles
3410,93,19,1762.21,Darrin Sayre,darrin.sayre@email.com,3,5,3,353,11,Clients Potentiels
3411,23,20,2881.8,David Smith,david.smith@email.com,5,5,4,554,14,Champions
3412,19,9,1119.48,Darrin Van Huff,darrin.van.huff@email.com,5,2,2,522,9,Nouveaux Clients
3413,29,13,3254.48,Dianna Vittorini,dianna.vittorini@email.com,4,3,4,434,11,Clients Fidèles
3414,69,9,1080.76,David Wiener,david.wiener@email.com,3,2,2,322,7,Autres
3415,217,11,5271.63,Dianna Wilson,dianna.wilson@email.com,2,3,5,235,10,Clients Perdus
3416,98,9,344.08,Don Weiss,don.weiss@email.com,3,2,1,321,6,Autres
3417,242,10,1204.85,Dorothy Wardle,dorothy.wardle@email.com,1,2,2,122,5,Clients à Risque
3418,152,22,2752.45,Erin Ashbrook,erin.ashbrook@email.com,2,5,4,254,11,Clients Perdus
3419,48,12,3644.97,Ed Braxton,ed.braxton@email.com,4,3,4,434,11,Clients Fidèles
3420,35,20,3236.32,Edward Becker,edward.becker@email.com,4,5,4,454,13,Champions
3421,90,7,964.45,Ellis Ballard,ellis.ballard@email.com,3,1,2,312,6,Autres
3422,100,11,2767.2200000000003,Emily Burns,emily.burns@email.com,3,3,4,334,10,Clients Potentiels
3423,161,7,944.6,Eric Barreto,eric.barreto@email.com,2,1,2,212,5,Clients à Risque
3424,0,6,1643.26,Erica Bern,erica.bern@email.com,5,1,2,512,8,Nouveaux Clients
3425,113,11,3071.14,Eugene Barchas,eugene.barchas@email.com,2,3,4,234,9,Clients Perdus
3426,82,7,1186.33,Evan Bailliet,evan.bailliet@email.com,3,1,2,312,6,Autres
3427,53,7,461.90999999999997,Erin Creighton,erin.creighton@email.com,4,1,1,411,6,Nouveaux Clients
3428,135,14,3484.9100000000003,Emily Ducich,emily.ducich@email.com,2,4,4,244,10,Clients Perdus
3429,22,9,1832.02,Emily Grady,emily.grady@email.com,5,2,3,523,10,Clients Potentiels
3430,135,27,9940.37,Edward Hooks,edward.hooks@email.com,2,5,5,255,12,Clients Perdus
3431,217,17,684.18,Eric Hoffmann,eric.hoffmann@email.com,2,4,1,241,7,Clients Perdus
3432,405,8,825.95,Erica Hackney,erica.hackney@email.com,1,2,1,121,4,Clients à Risque
3433,2,11,1219.52,Erica Hernandez,erica.hernandez@email.com,5,3,2,532,10,Clients Fidèles
3434,152,18,3082.64,Eugene Hildebrand,eugene.hildebrand@email.com,2,5,4,254,11,Clients Perdus
3435,105,8,923.88,Evan Henry,evan.henry@email.com,2,2,1,221,5,Clients à Risque
3436,302,8,2162.18,Ed Jacobs,ed.jacobs@email.com,1,2,3,123,6,Clients à Risque
3437,57,8,2656.69,Eva Jacobs,eva.jacobs@email.com,3,2,3,323,8,Clients Potentiels
3438,44,4,1303.48,Eileen Kiefer,eileen.kiefer@email.com,4,1,2,412,7,Nouveaux Clients
3439,77,2,124.28,Ed Ludwig,ed.ludwig@email.com,3,1,1,311,5,Autres
3440,132,7,2567.0,Eleni McCrary,eleni.mccrary@email.com,2,1,3,213,6,Clients à Risque
3441,55,16,2339.6,Elizabeth Moffitt,elizabeth.moffitt@email.com,3,4,3,343,10,Clients Potentiels
3442,151,6,933.6999999999999,Eric Murdock,eric.murdock@email.com,2,1,1,211,4,Clients à Risque
3443,47,6,228.99,Erin Mull,erin.mull@email.com,4,1,1,411,6,Nouveaux Clients
3444,113,10,1041.04,Eudokia Martin,eudokia.martin@email.com,2,2,2,222,6,Clients à Risque
3445,48,21,4588.4400000000005,Eugene Moren,eugene.moren@email.com,4,5,5,455,14,Champions
3446,158,4,366.83000000000004,Evan Minnotte,evan.minnotte@email.com,2,1,1,211,4,Clients à Risque
3447,287,9,2199.36,Edward Nazzal,edward.nazzal@email.com,1,2,3,123,6,Clients à Risque
3448,12,31,5478.06,Emily Phan,emily.phan@email.com,5,5,5,555,15,Champions
3449,421,5,1245.79,Elpida Rittenbach,elpida.rittenbach@email.com,1,1,2,112,4,Clients à Risque
3450,40,8,3510.46,Erica Smith,erica.smith@email.com,4,2,4,424,10,Clients Potentiels
3451,28,20,4657.93,Erin Smith,erin.smith@email.com,4,5,5,455,14,Champions
3452,97,17,2984.05,Frank Atkinson,frank.atkinson@email.com,3,4,4,344,11,Clients Potentiels
3453,70,14,3418.74,Frank Carlisle,frank.carlisle@email.com,3,4,4,344,11,Clients Potentiels
3454,184,10,3889.36,Fred Chung,fred.chung@email.com,2,2,4,224,8,Clients à Risque
3455,34,11,1383.1299999999999,Frank Gastineau,frank.gastineau@email.com,4,3,2,432,9,Clients Fidèles
3456,37,21,4256.28,Frank Hawley,frank.hawley@email.com,4,5,4,454,13,Champions
3457,212,14,2271.29,Fred Harton,fred.harton@email.com,2,4,3,243,9,Clients Perdus
3458,5,13,6987.2,Fred Hopkins,fred.hopkins@email.com,5,3,5,535,13,Champions
3459,7,15,2456.64,Filia McAdams,filia.mcadams@email.com,5,4,3,543,12,Clients Fidèles
3460,36,20,3736.2,Frank Merwin,frank.merwin@email.com,4,5,4,454,13,Champions
3461,145,14,2523.26,Fred McMath,fred.mcmath@email.com,2,4,3,243,9,Clients Perdus
3462,38,15,2678.43,Frank Olsen,frank.olsen@email.com,4,4,3,443,11,Clients Fidèles
3463,23,14,4046.75,Frank Preis,frank.preis@email.com,5,4,4,544,13,Champions
3464,362,3,79.75,Fred Wasserman,fred.wasserman@email.com,1,1,1,111,3,Clients à Risque
3465,149,10,3797.23,George Ashbrook,george.ashbrook@email.com,2,2,4,224,8,Clients à Risque
3466,5,22,1398.3899999999999,Guy Armstrong,guy.armstrong@email.com,5,5,2,552,12,Clients Fidèles
3467,62,20,1568.44,George Bell,george.bell@email.com,3,5,2,352,10,Autres
3468,13,16,4716.3,Giulietta Baptist,giulietta.baptist@email.com,5,4,5,545,14,Champions
3469,5,6,1888.0800000000002,Giulietta Dortch,giulietta.dortch@email.com,5,1,3,513,9,Clients Potentiels
3470,43,24,2223.99,Greg Guthrie,greg.guthrie@email.com,4,5,3,453,12,Clients Fidèles
3471,75,17,2819.46,Gary Hansen,gary.hansen@email.com,3,4,4,344,11,Clients Potentiels
3472,50,10,4172.84,Gary Hwang,gary.hwang@email.com,4,2,4,424,10,Clients Potentiels
3473,387,3,1361.24,Gene Hale,gene.hale@email.com,1,1,2,112,4,Clients à Risque
3474,2,3,146.94,Greg Hansen,greg.hansen@email.com,5,1,1,511,7,Nouveaux Clients
3475,112,14,6497.28,Grace Kelly,grace.kelly@email.com,2,4,5,245,11,Clients Perdus
3476,83,11,3582.8199999999997,Gary McGarr,gary.mcgarr@email.com,3,3,4,334,10,Clients Potentiels
3477,16,12,3078.63,Gary Mitchum,gary.mitchum@email.com,5,3,4,534,12,Clients Fidèles
3478,106,13,1255.68,Gene McClure,gene.mcclure@email.com,2,3,2,232,7,Clients Perdus
3479,152,11,3163.63,Greg Matthias,greg.matthias@email.com,2,3,4,234,9,Clients Perdus
3480,117,11,6049.96,Greg Maxwell,greg.maxwell@email.com,2,3,5,235,10,Clients Perdus
3481,764,5,236.53,Guy Phonely,guy.phonely@email.com,1,1,1,111,3,Clients à Risque
3482,1135,5,1284.38,Georgia Rosenberg,georgia.rosenberg@email.com,1,1,2,112,4,Clients à Risque
3483,56,6,9351.199999999999,Grant Thornton,grant.thornton@email.com,3,1,5,315,9,Clients Potentiels
3484,36,29,11820.12,Greg Tran,greg.tran@email.com,4,5,5,455,14,Champions
3485,34,7,226.43,Guy Thornton,guy.thornton@email.com,4,1,1,411,6,Nouveaux Clients
3486,28,9,2189.02,Giulietta Weimer,giulietta.weimer@email.com,4,2,3,423,9,Clients Potentiels
3487,7,14,4355.15,Gary Zandusky,gary.zandusky@email.com,5,4,5,545,14,Champions
3488,157,5,2454.62,George Zrebassa,george.zrebassa@email.com,2,1,3,213,6,Clients à Risque
3489,69,10,2163.3199999999997,Helen Abelman,helen.abelman@email.com,3,2,3,323,8,Clients Potentiels
3490,20,18,2584.17,Helen Andreada,helen.andreada@email.com,5,5,3,553,13,Champions
3491,768,7,251.35999999999999,Harold Dahlen,harold.dahlen@email.com,1,1,1,111,3,Clients à Risque
3492,12,8,755.4599999999999,Harold Engle,harold.engle@email.com,5,2,1,521,8,Nouveaux Clients
3493,21,19,2533.16,Herbert Flentye,herbert.flentye@email.com,5,5,3,553,13,Champions
3494,54,10,785.62,Harry Greene,harry.greene@email.com,3,2,1,321,6,Autres
3495,23,17,3247.6499999999996,Henry Goldwyn,henry.goldwyn@email.com,5,4,4,544,13,Champions
3496,6,11,3690.28,Hunter Glantz,hunter.glantz@email.com,5,3,4,534,12,Clients Fidèles
3497,72,6,218.67000000000002,Hilary Holden,hilary.holden@email.com,3,1,1,311,5,Autres
3498,126,6,358.1,Heather Jas,heather.jas@email.com,2,1,1,211,4,Clients à Risque
3499,151,15,4877.8,Heather Kirkland,heather.kirkland@email.com,2,4,5,245,11,Clients Perdus
3500,43,11,12873.3,Hunter Lopez,hunter.lopez@email.com,4,3,5,435,12,Clients Fidèles
3501,2,20,8236.76,Harry Marie,harry.marie@email.com,5,5,5,555,15,Champions
3502,247,7,736.28,Henry MacAllister,henry.macallister@email.com,1,1,1,111,3,Clients à Risque
3503,30,10,1990.3100000000002,Harold Pawlan,harold.pawlan@email.com,4,2,3,423,9,Clients Potentiels
3504,13,5,940.59,Hallie Redmond,hallie.redmond@email.com,5,1,2,512,8,Nouveaux Clients
3505,159,14,5248.8,Harold Ryan,harold.ryan@email.com,2,4,5,245,11,Clients Perdus
3506,117,15,4827.93,Helen Wasserman,helen.wasserman@email.com,2,4,5,245,11,Clients Perdus
3507,35,6,886.52,Henia Zydlo,henia.zydlo@email.com,4,1,1,411,6,Nouveaux Clients
3508,71,7,744.5699999999999,Ivan Gibson,ivan.gibson@email.com,3,1,1,311,5,Autres
3509,142,14,5040.74,Ivan Liston,ivan.liston@email.com,2,4,5,245,11,Clients Perdus
3510,409,2,48.4,Ionia McGrath,ionia.mcgrath@email.com,1,1,1,111,3,Clients à Risque
3511,390,21,4930.49,Irene Maddox,irene.maddox@email.com,1,5,5,155,11,Clients Perdus
3512,92,24,6491.029999999999,Joseph Airdo,joseph.airdo@email.com,3,5,5,355,13,Champions
3513,7,16,1791.6200000000001,Jennifer Braxton,jennifer.braxton@email.com,5,4,3,543,12,Clients Fidèles
3514,736,8,900.5500000000001,Joni Blumstein,joni.blumstein@email.com,1,2,1,121,4,Clients à Risque
3515,43,7,644.1200000000001,Joy Bell-,joy.bell-@email.com,4,1,1,411,6,Nouveaux Clients
3516,7,9,2518.11,Julia Barnett,julia.barnett@email.com,5,2,3,523,10,Clients Potentiels
3517,114,4,71.27,Jasper Cacioppo,jasper.cacioppo@email.com,2,1,1,211,4,Clients à Risque
3518,175,4,1058.1100000000001,Jenna Caffey,jenna.caffey@email.com,2,1,2,212,5,Clients à Risque
3519,158,16,2772.06,John Castell,john.castell@email.com,2,4,4,244,10,Clients Perdus
3520,57,9,858.5699999999999,Julie Creighton,julie.creighton@email.com,3,2,1,321,6,Autres
3521,117,7,2152.35,John Dryer,john.dryer@email.com,2,1,3,213,6,Clients à Risque
3522,394,32,7610.870000000001,Jonathan Doherty,jonathan.doherty@email.com,1,5,5,155,11,Clients Perdus
3523,112,11,385.43,Joy Daniels,joy.daniels@email.com,2,3,1,231,6,Clients Perdus
3524,300,6,695.44,Julia Dunbar,julia.dunbar@email.com,1,1,1,111,3,Clients à Risque
3525,41,17,8828.039999999999,Justin Deggeller,justin.deggeller@email.com,4,4,5,445,13,Champions
3526,193,13,1388.69,Jeremy Ellison,jeremy.ellison@email.com,2,3,2,232,7,Clients Perdus
3527,48,20,7754.969999999999,Jim Epp,jim.epp@email.com,4,5,5,455,14,Champions
3528,46,22,8697.86,Joe Elijah,joe.elijah@email.com,4,5,5,455,14,Champions
3529,51,23,6760.8099999999995,Joel Eaton,joel.eaton@email.com,4,5,5,455,14,Champions
3530,20,7,2697.25,Justin Ellison,justin.ellison@email.com,5,1,3,513,9,Clients Potentiels
3531,65,18,2239.61,Jamie Frazer,jamie.frazer@email.com,3,5,3,353,11,Clients Potentiels
3532,225,14,955.12,Jason Fortune-,jason.fortune-@email.com,2,4,2,242,8,Clients Perdus
3533,105,16,1911.8400000000001,Jay Fein,jay.fein@email.com,2,4,3,243,9,Clients Perdus
3534,2,13,2309.4300000000003,Jennifer Ferguson,jennifer.ferguson@email.com,5,3,3,533,11,Clients Fidèles
3535,121,14,890.95,Jeremy Farry,jeremy.farry@email.com,2,4,1,241,7,Clients Perdus
3536,54,16,4198.32,Jill Fjeld,jill.fjeld@email.com,3,4,4,344,11,Clients Potentiels
3537,757,7,2358.6600000000003,Jack Garza,jack.garza@email.com,1,1,3,113,5,Clients à Risque
3538,1,18,6366.4,James Galang,james.galang@email.com,5,5,5,555,15,Champions
3539,2,11,2240.58,Jason Gross,jason.gross@email.com,5,3,3,533,11,Clients Fidèles
3540,223,9,1507.02,John Grady,john.grady@email.com,2,2,2,222,6,Clients à Risque
3541,5,7,309.28999999999996,Jennifer Halladay,jennifer.halladay@email.com,5,1,1,511,7,Nouveaux Clients
3542,174,8,528.92,John Huston,john.huston@email.com,2,2,1,221,5,Clients à Risque
3543,41,9,959.48,Jonathan Howell,jonathan.howell@email.com,4,2,2,422,8,Nouveaux Clients
3544,29,14,7954.99,Joseph Holt,joseph.holt@email.com,4,4,5,445,13,Champions
3545,404,5,2256.39,Justin Hirsh,justin.hirsh@email.com,1,1,3,113,5,Clients à Risque
3546,483,6,709.1700000000001,Jennifer Jackson,jennifer.jackson@email.com,1,1,1,111,3,Clients à Risque
3547,752,3,195.0,Joel Jenkins,joel.jenkins@email.com,1,1,1,111,3,Clients à Risque
3548,61,12,4262.29,Jamie Kunitz,jamie.kunitz@email.com,3,3,5,335,11,Clients Potentiels
3549,287,4,383.80999999999995,Jason Klamczynski,jason.klamczynski@email.com,1,1,1,111,3,Clients à Risque
3550,44,16,2136.4500000000003,Jay Kimmel,jay.kimmel@email.com,4,4,3,443,11,Clients Fidèles
3551,61,12,3760.0299999999997,Jim Karlsson,jim.karlsson@email.com,3,3,4,334,10,Clients Potentiels
3552,180,12,4760.44,Jim Kriz,jim.kriz@email.com,2,3,5,235,10,Clients Perdus
3553,84,19,4769.91,Joe Kamberova,joe.kamberova@email.com,3,5,5,355,13,Champions
3554,28,9,3747.66,Juliana Krohn,juliana.krohn@email.com,4,2,4,424,10,Clients Potentiels
3555,117,17,2932.4900000000002,Julie Kriz,julie.kriz@email.com,2,4,4,244,10,Clients Perdus
3556,8,12,1214.95,Jack Lebron,jack.lebron@email.com,5,3,2,532,10,Clients Fidèles
3557,6,7,1571.52,James Lanier,james.lanier@email.com,5,1,2,512,8,Nouveaux Clients
3558,119,10,2203.7,Janet Lee,janet.lee@email.com,2,2,3,223,7,Clients à Risque
3559,49,17,3173.87,Jeremy Lonsdale,jeremy.lonsdale@email.com,4,4,4,444,12,Clients Fidèles
3560,21,33,9576.359999999999,John Lee,john.lee@email.com,5,5,5,555,15,Champions
3561,614,11,2725.25,John Lucas,john.lucas@email.com,1,3,4,134,8,Clients Perdus
3562,37,19,3159.11,Janet Martin,janet.martin@email.com,4,5,4,454,13,Champions
3563,37,13,1804.14,Janet Molinari,janet.molinari@email.com,4,3,3,433,10,Clients Fidèles
3564,102,10,1733.45,Jessica Myrick,jessica.myrick@email.com,3,2,3,323,8,Clients Potentiels
3565,0,7,303.94,Jill Matthias,jill.matthias@email.com,5,1,1,511,7,Nouveaux Clients
3566,8,12,864.95,Jim Mitchum,jim.mitchum@email.com,5,3,1,531,9,Clients Fidèles
3567,109,13,7625.070000000001,John Murray,john.murray@email.com,2,3,5,235,10,Clients Perdus
3568,57,19,2833.92,Justin MacKendrick,justin.mackendrick@email.com,3,5,4,354,12,Clients Potentiels
3569,57,13,3254.95,Jack O'Briant,jack.o'briant@email.com,3,3,4,334,10,Clients Potentiels
3570,92,11,1934.27,Jas O'Carroll,jas.o'carroll@email.com,3,3,3,333,9,Clients Potentiels
3571,215,11,1090.85,Jesus Ocampo,jesus.ocampo@email.com,2,3,2,232,7,Clients Perdus
3572,37,15,1669.1299999999999,Jennifer Patt,jennifer.patt@email.com,4,4,2,442,10,Clients Fidèles
3573,8,16,3635.59,Jeremy Pistek,jeremy.pistek@email.com,5,4,4,544,13,Champions
3574,102,13,1707.71,Julie Prescott,julie.prescott@email.com,3,3,3,333,9,Clients Potentiels
3575,593,3,1156.6599999999999,Jim Radford,jim.radford@email.com,1,1,2,112,4,Clients à Risque
3576,68,1,863.88,Jocasta Rupert,jocasta.rupert@email.com,3,1,1,311,5,Autres
3577,33,10,2201.69,Justin Ritter,justin.ritter@email.com,4,2,3,423,9,Clients Potentiels
3578,119,8,1417.65,Jill Stevenson,jill.stevenson@email.com,2,2,2,222,6,Clients à Risque
3579,42,9,990.2,Jim Sink,jim.sink@email.com,4,2,2,422,8,Nouveaux Clients
3580,534,9,3868.0099999999998,John Stevenson,john.stevenson@email.com,1,2,4,124,7,Clients à Risque
3581,463,8,469.16,Joni Sundaresam,joni.sundaresam@email.com,1,2,1,121,4,Clients à Risque
3582,28,18,2516.49,Joy Smith,joy.smith@email.com,4,5,3,453,12,Clients Fidèles
3583,42,14,7721.71,Jane Waco,jane.waco@email.com,4,4,5,445,13,Champions
3584,5,10,1049.24,Joni Wasserman,joni.wasserman@email.com,5,2,2,522,9,Nouveaux Clients
3585,461,7,1428.73,Julia West,julia.west@email.com,1,1,2,112,4,Clients à Risque
3586,36,11,1519.51,Kelly Andreada,kelly.andreada@email.com,4,3,2,432,9,Clients Fidèles
3587,4,10,3152.61,Karen Bern,karen.bern@email.com,5,2,4,524,11,Clients Potentiels
3588,296,22,1569.45,Karl Braun,karl.braun@email.com,1,5,2,152,8,Clients Perdus
3589,117,9,908.8199999999999,Katrina Bavinger,katrina.bavinger@email.com,2,2,1,221,5,Clients à Risque
3590,230,23,2744.7400000000002,Ken Black,ken.black@email.com,1,5,4,154,10,Clients Perdus
3591,1,9,983.9300000000001,Ken Brennan,ken.brennan@email.com,5,2,2,522,9,Nouveaux Clients
3592,407,10,2120.95,Karen Carlisle,karen.carlisle@email.com,1,3,3,133,7,Clients Perdus
3593,97,5,3908.27,Kelly Collister,kelly.collister@email.com,3,1,4,314,8,Clients Potentiels
3594,57,7,1146.05,Kimberly Carter,kimberly.carter@email.com,3,2,2,322,7,Autres
3595,484,16,8282.36,Karen Daniels,karen.daniels@email.com,1,4,5,145,10,Clients Perdus
3596,41,10,1888.96,Katherine Ducich,katherine.ducich@email.com,4,3,3,433,10,Clients Fidèles
3597,112,28,8181.24,Keith Dawkins,keith.dawkins@email.com,2,5,5,255,12,Clients Perdus
3598,289,7,907.16,Ken Dana,ken.dana@email.com,1,2,1,121,4,Clients à Risque
3599,26,12,1453.28,Katrina Edelman,katrina.edelman@email.com,5,3,2,532,10,Clients Fidèles
3600,97,18,10604.26,Karen Ferguson,karen.ferguson@email.com,3,5,5,355,13,Champions
3601,40,18,3312.8700000000003,Katharine Harms,katharine.harms@email.com,4,5,4,454,13,Champions
3602,1,14,3100.5999999999995,Katherine Hughes,katherine.hughes@email.com,5,4,4,544,13,Champions
3603,22,20,5229.7,Keith Herrera,keith.herrera@email.com,5,5,5,555,15,Champions
3604,58,17,3918.96,Ken Heidel,ken.heidel@email.com,3,4,4,344,11,Clients Potentiels
3605,2,15,5990.79,Kristen Hastings,kristen.hastings@email.com,5,4,5,545,14,Champions
3606,16,22,5016.47,Kelly Lampkin,kelly.lampkin@email.com,5,5,5,555,15,Champions
3607,47,29,14175.23,Ken Lonsdale,ken.lonsdale@email.com,4,5,5,455,14,Champions
3608,14,19,2260.95,Kalyca Meade,kalyca.meade@email.com,5,5,3,553,13,Champions
3609,56,20,5620.18,Katherine Murray,katherine.murray@email.com,3,5,5,355,13,Champions
3610,15,9,453.54,Khloe Miller,khloe.miller@email.com,5,2,1,521,8,Nouveaux Clients
3611,28,28,4909.47,Kunst Miller,kunst.miller@email.com,4,5,5,455,14,Champions
3612,19,15,2224.1,Katherine Nockton,katherine.nockton@email.com,5,4,3,543,12,Clients Fidèles
3613,52,8,2171.97,Kean Nguyen,kean.nguyen@email.com,4,2,3,423,9,Clients Potentiels
3614,98,12,2003.01,Kristina Nunn,kristina.nunn@email.com,3,3,3,333,9,Clients Potentiels
3615,295,4,88.47,Karen Seio,karen.seio@email.com,1,1,1,111,3,Clients à Risque
3616,391,14,3057.1,Kean Takahito,kean.takahito@email.com,1,4,4,144,9,Clients Perdus
3617,100,13,4642.1,Kean Thornton,kean.thornton@email.com,3,3,5,335,11,Clients Potentiels
3618,96,10,4416.52,Katrina Willman,katrina.willman@email.com,3,3,5,335,11,Clients Potentiels
3619,770,5,449.1,Kelly Williams,kelly.williams@email.com,1,1,1,111,3,Clients à Risque
3620,154,26,8673.23,Laura Armstrong,laura.armstrong@email.com,2,5,5,255,12,Clients Perdus
3621,48,3,50.19,Larry Blacks,larry.blacks@email.com,4,1,1,411,6,Nouveaux Clients
3622,152,24,4985.68,Laurel Beltran,laurel.beltran@email.com,2,5,5,255,12,Clients Perdus
3623,27,30,2580.71,Lena Cacioppo,lena.cacioppo@email.com,4,5,3,453,12,Clients Fidèles
3624,16,23,7663.13,Lena Creighton,lena.creighton@email.com,5,5,5,555,15,Champions
3625,41,14,4492.9400000000005,Linda Cazamias,linda.cazamias@email.com,4,4,5,445,13,Champions
3626,436,7,3246.63,Lindsay Castell,lindsay.castell@email.com,1,2,4,124,7,Clients à Risque
3627,54,9,2095.06,Liz Carlisle,liz.carlisle@email.com,3,2,3,323,8,Clients Potentiels
3628,13,19,2633.57,Logan Currie,logan.currie@email.com,5,5,3,553,13,Champions
3629,552,1,5.3,Lela Donovan,lela.donovan@email.com,1,1,1,111,3,Clients à Risque
3630,414,7,1961.9299999999998,Lisa DeCherney,lisa.decherney@email.com,1,2,3,123,6,Clients à Risque
3631,21,9,1469.45,Laurel Elliston,laurel.elliston@email.com,5,2,2,522,9,Nouveaux Clients
3632,22,16,3930.52,Luke Foster,luke.foster@email.com,5,4,4,544,13,Champions
3633,151,3,287.43,Larry Hughes,larry.hughes@email.com,2,1,1,211,4,Clients à Risque
3634,21,15,2295.32,Lena Hernandez,lena.hernandez@email.com,5,4,3,543,12,Clients Fidèles
3635,239,6,318.23,Lisa Hazard,lisa.hazard@email.com,1,1,1,111,3,Clients à Risque
3636,385,19,1739.69,Logan Haushalter,logan.haushalter@email.com,1,5,3,153,9,Clients Perdus
3637,249,10,2454.5499999999997,Lauren Leatherbury,lauren.leatherbury@email.com,1,3,3,133,7,Clients Perdus
3638,391,7,1346.78,Liz MacKendrick,liz.mackendrick@email.com,1,2,2,122,5,Clients à Risque
3639,2,9,644.35,Lori Olson,lori.olson@email.com,5,2,1,521,8,Nouveaux Clients
3640,40,9,756.5999999999999,Liz Pelletier,liz.pelletier@email.com,4,2,1,421,7,Nouveaux Clients
3641,9,13,3104.44,Liz Preis,liz.preis@email.com,5,3,4,534,12,Clients Fidèles
3642,26,16,5142.89,Lena Radford,lena.radford@email.com,5,4,5,545,14,Champions
3643,132,12,1879.3000000000002,Lisa Ryan,lisa.ryan@email.com,2,3,3,233,8,Clients Perdus
3644,178,14,2845.27,Linda Southworth,linda.southworth@email.com,2,4,4,244,10,Clients Perdus
3645,20,22,2988.65,Lindsay Shagiari,lindsay.shagiari@email.com,5,5,4,554,14,Champions
3646,96,14,1010.25,Luke Schmidt,luke.schmidt@email.com,3,4,2,342,9,Autres
3647,776,6,368.88,Lycoris Saunders,lycoris.saunders@email.com,1,1,1,111,3,Clients à Risque
3648,34,12,1008.14,Lynn Smith,lynn.smith@email.com,4,3,2,432,9,Clients Fidèles
3649,26,3,329.87,Larry Tron,larry.tron@email.com,5,1,1,511,7,Nouveaux Clients
3650,34,14,2936.26,Liz Thompson,liz.thompson@email.com,4,4,4,444,12,Clients Fidèles
3651,88,15,2238.06,Laurel Workman,laurel.workman@email.com,3,4,3,343,10,Clients Potentiels
3652,33,11,3230.3,Lindsay Williams,lindsay.williams@email.com,4,3,4,434,11,Clients Fidèles
3653,205,5,1259.04,Liz Willingham,liz.willingham@email.com,2,1,2,212,5,Clients à Risque
3654,21,15,5420.5199999999995,Luke Weiss,luke.weiss@email.com,5,4,5,545,14,Champions
3655,64,34,4299.16,Matt Abelman,matt.abelman@email.com,3,5,5,355,13,Champions
3656,186,12,2453.29,Michelle Arnett,michelle.arnett@email.com,2,3,3,233,8,Clients Perdus
3657,48,19,1548.71,Maria Bertelson,maria.bertelson@email.com,4,5,2,452,11,Clients Fidèles
3658,44,10,1428.24,Mick Brown,mick.brown@email.com,4,3,2,432,9,Clients Fidèles
3659,76,13,2725.98,Marc Crier,marc.crier@email.com,3,3,4,334,10,Clients Potentiels
3660,399,10,4432.14,Mark Cousins,mark.cousins@email.com,1,3,5,135,9,Clients Perdus
3661,27,11,1303.89,Matt Collins,matt.collins@email.com,4,3,2,432,9,Clients Fidèles
3662,51,17,2426.0699999999997,Matt Collister,matt.collister@email.com,4,4,3,443,11,Clients Fidèles
3663,112,18,2258.2,Matt Connell,matt.connell@email.com,2,5,3,253,10,Clients Perdus
3664,189,8,795.15,Matthew Clasen,matthew.clasen@email.com,2,2,1,221,5,Clients à Risque
3665,1,14,3805.71,Michael Chen,michael.chen@email.com,5,4,4,544,13,Champions
3666,41,19,2218.99,Mick Crebagga,mick.crebagga@email.com,4,5,3,453,12,Clients Fidèles
3667,369,11,1581.99,Mike Caudle,mike.caudle@email.com,1,3,2,132,6,Clients Perdus
3668,117,15,2716.43,Maribeth Dona,maribeth.dona@email.com,2,4,4,244,10,Clients Perdus
3669,36,8,1204.91,Michael Dominguez,michael.dominguez@email.com,4,2,2,422,8,Nouveaux Clients
3670,42,22,10663.73,Maria Etezadi,maria.etezadi@email.com,4,5,5,455,14,Champions
3671,28,13,1908.45,Max Engle,max.engle@email.com,4,3,3,433,10,Clients Fidèles
3672,92,6,1256.95,Michelle Ellison,michelle.ellison@email.com,3,1,2,312,6,Autres
3673,421,8,937.0500000000001,Maureen Fritzler,maureen.fritzler@email.com,1,2,2,122,5,Clients à Risque
3674,7,12,1758.3,Monica Federle,monica.federle@email.com,5,3,3,533,11,Clients Fidèles
3675,29,14,3785.28,Matthew Grinstein,matthew.grinstein@email.com,4,4,4,444,12,Clients Fidèles
3676,92,10,2350.2,Maureen Gastineau,maureen.gastineau@email.com,3,3,3,333,9,Clients Potentiels
3677,555,7,1342.29,Maureen Gnade,maureen.gnade@email.com,1,2,2,122,5,Clients à Risque
3678,116,7,1242.84,Michael Grace,michael.grace@email.com,2,2,2,222,6,Clients à Risque
3679,99,13,776.39,Michael Granlund,michael.granlund@email.com,3,3,1,331,7,Autres
3680,84,8,3061.54,Mike Gockenbach,mike.gockenbach@email.com,3,2,4,324,9,Clients Potentiels
3681,264,2,16.740000000000002,Mitch Gastineau,mitch.gastineau@email.com,1,1,1,111,3,Clients à Risque
3682,294,10,1691.5,Marc Harrigan,marc.harrigan@email.com,1,3,2,132,6,Clients Perdus
3683,376,9,400.02,Mark Haberlin,mark.haberlin@email.com,1,2,1,121,4,Clients à Risque
3684,170,9,2146.69,Mark Hamilton,mark.hamilton@email.com,2,2,3,223,7,Clients à Risque
3685,155,6,1252.8,Matt Hagelstein,matt.hagelstein@email.com,2,1,2,212,5,Clients à Risque
3686,98,11,2203.78,Maya Herman,maya.herman@email.com,3,3,3,333,9,Clients Potentiels
3687,49,10,2984.95,Michelle Huthwaite,michelle.huthwaite@email.com,4,3,4,434,11,Clients Fidèles
3688,5,22,5503.09,Mick Hernandez,mick.hernandez@email.com,5,5,5,555,15,Champions
3689,22,15,6320.75,Max Jones,max.jones@email.com,5,4,5,545,14,Champions
3690,28,17,2302.36,Michael Kennedy,michael.kennedy@email.com,4,4,3,443,11,Clients Fidèles
3691,240,11,1031.6,Mike Kennedy,mike.kennedy@email.com,1,3,2,132,6,Clients Perdus
3692,69,20,2722.84,Marina Lichtenstein,marina.lichtenstein@email.com,3,5,4,354,12,Clients Potentiels
3693,54,14,2885.27,Maris LaWare,maris.laware@email.com,3,4,4,344,11,Clients Potentiels
3694,29,13,2071.91,Max Ludwig,max.ludwig@email.com,4,3,3,433,10,Clients Fidèles
3695,79,4,742.08,Michelle Lonsdale,michelle.lonsdale@email.com,3,1,1,311,5,Autres
3696,100,3,162.23000000000002,Muhammed Lee,muhammed.lee@email.com,3,1,1,311,5,Autres
3697,168,6,1314.02,Magdelene Morse,magdelene.morse@email.com,2,1,2,212,5,Clients à Risque
3698,7,15,3640.2500000000005,Michael Moore,michael.moore@email.com,5,4,4,544,13,Champions
3699,61,19,2749.87,Michelle Moray,michelle.moray@email.com,3,5,4,354,12,Clients Potentiels
3700,85,12,775.41,Muhammed MacIntyre,muhammed.macintyre@email.com,3,3,1,331,7,Autres
3701,34,10,2477.94,Michael Nguyen,michael.nguyen@email.com,4,3,3,433,10,Clients Fidèles
3702,72,5,922.49,Mary O'Rourke,mary.o'rourke@email.com,3,1,1,311,5,Autres
3703,104,11,1687.03,Meg O'Connel,meg.o'connel@email.com,3,3,2,332,8,Autres
3704,180,4,154.29,Michael Oakman,michael.oakman@email.com,2,1,1,211,4,Clients à Risque
3705,718,12,2945.81,Mark Packer,mark.packer@email.com,1,3,4,134,8,Clients Perdus
3706,72,20,3983.65,Michael Paige,michael.paige@email.com,3,5,4,354,12,Clients Potentiels
3707,16,18,4757.34,Mike Pelletier,mike.pelletier@email.com,5,5,5,555,15,Champions
3708,125,6,639.1800000000001,Mathew Reese,mathew.reese@email.com,2,1,1,211,4,Clients à Risque
3709,273,24,7443.679999999999,Maribeth Schnelling,maribeth.schnelling@email.com,1,5,5,155,11,Clients Perdus
3710,434,7,475.65999999999997,MaryBeth Skach,marybeth.skach@email.com,1,2,1,121,4,Clients à Risque
3711,413,15,1613.39,Maurice Satty,maurice.satty@email.com,1,4,2,142,7,Clients Perdus
3712,121,19,3144.67,Maxwell Schwartz,maxwell.schwartz@email.com,2,5,4,254,11,Clients Perdus
3713,452,5,370.34000000000003,Melanie Seite,melanie.seite@email.com,1,1,1,111,3,Clients à Risque
3714,26,11,855.12,Michael Stewart,michael.stewart@email.com,5,3,1,531,9,Clients Fidèles
3715,49,10,2890.14,Meg Tillman,meg.tillman@email.com,4,3,4,434,11,Clients Fidèles
3716,203,11,1319.44,Michelle Tran,michelle.tran@email.com,2,3,2,232,7,Clients Perdus
3717,27,15,1560.03,Mark Van Huff,mark.van.huff@email.com,4,4,2,442,10,Clients Fidèles
3718,19,11,1734.58,Mike Vittorini,mike.vittorini@email.com,5,3,3,533,11,Clients Fidèles
3719,17,14,5341.900000000001,Mitch Webber,mitch.webber@email.com,5,4,5,545,14,Champions
3720,44,3,5253.88,Mitch Willingham,mitch.willingham@email.com,4,1,5,415,10,Clients Potentiels
3721,29,13,2254.29,Maribeth Yedwab,maribeth.yedwab@email.com,4,4,3,443,11,Clients Fidèles
3722,71,19,3601.88,Muhammed Yedwab,muhammed.yedwab@email.com,3,5,4,354,12,Clients Potentiels
3723,30,6,593.61,Maria Zettner,maria.zettner@email.com,4,1,1,411,6,Nouveaux Clients
3724,282,10,2564.89,Mary Zewe,mary.zewe@email.com,1,3,3,133,7,Clients Perdus
3725,1165,2,273.87,Nicole Brennan,nicole.brennan@email.com,1,1,1,111,3,Clients à Risque
3726,19,17,1972.61,Nona Balk,nona.balk@email.com,5,4,3,543,12,Clients Fidèles
3727,224,17,2461.4100000000003,Nat Carroll,nat.carroll@email.com,2,4,3,243,9,Clients Perdus
3728,41,14,2218.9900000000002,Nathan Cano,nathan.cano@email.com,4,4,3,443,11,Clients Fidèles
3729,6,15,8241.74,Nick Crebassa,nick.crebassa@email.com,5,4,5,545,14,Champions
3730,204,9,1821.75,Noah Childs,noah.childs@email.com,2,2,3,223,7,Clients à Risque
3731,27,18,4326.14,Natalie DeCherney,natalie.decherney@email.com,4,5,5,455,14,Champions
3732,183,8,2893.46,Neil Ducich,neil.ducich@email.com,2,2,4,224,8,Clients à Risque
3733,79,13,8080.469999999999,Natalie Fritzler,natalie.fritzler@email.com,3,4,5,345,12,Clients Potentiels
3734,525,4,377.17,Neil Französisch,neil.französisch@email.com,1,1,1,111,3,Clients à Risque
3735,114,12,2031.48,Nicole Fjeld,nicole.fjeld@email.com,2,3,3,233,8,Clients Perdus
3736,48,16,1869.57,Nat Gilpin,nat.gilpin@email.com,4,4,3,443,11,Clients Fidèles
3737,48,9,1395.94,Nathan Gelder,nathan.gelder@email.com,4,2,2,422,8,Nouveaux Clients
3738,189,9,2518.67,Nicole Hansen,nicole.hansen@email.com,2,2,3,223,7,Clients à Risque
3739,70,11,572.05,Neil Knudson,neil.knudson@email.com,3,3,1,331,7,Autres
3740,58,10,1418.0800000000002,Nancy Lomonaco,nancy.lomonaco@email.com,3,3,2,332,8,Autres
3741,160,14,6459.34,Nathan Mautz,nathan.mautz@email.com,2,4,5,245,11,Clients Perdus
3742,244,15,2161.98,Neoma Murray,neoma.murray@email.com,1,4,3,143,8,Clients Perdus
3743,25,21,5529.62,Naresj Patel,naresj.patel@email.com,5,5,5,555,15,Champions
3744,58,10,3908.4,Nora Paige,nora.paige@email.com,3,3,4,334,10,Clients Potentiels
3745,406,6,1164.73,Nora Pelletier,nora.pelletier@email.com,1,1,2,112,4,Clients à Risque
3746,138,13,7903.18,Nora Preis,nora.preis@email.com,2,4,5,245,11,Clients Perdus
3747,210,13,2367.27,Nick Radford,nick.radford@email.com,2,4,3,243,9,Clients Perdus
3748,6,15,2575.87,Neola Schneider,neola.schneider@email.com,5,4,3,543,12,Clients Fidèles
3749,174,23,2857.75,Noel Staavos,noel.staavos@email.com,2,5,4,254,11,Clients Perdus
3750,172,22,7234.0199999999995,Natalie Webber,natalie.webber@email.com,2,5,5,255,12,Clients Perdus
3751,85,20,2488.33,Nick Zandusky,nick.zandusky@email.com,3,5,3,353,11,Clients Potentiels
3752,410,15,1567.52,Odella Nelson,odella.nelson@email.com,1,4,2,142,7,Clients Perdus
3753,65,10,3818.6200000000003,Olvera Toch,olvera.toch@email.com,3,3,4,334,10,Clients Potentiels
3754,103,7,729.41,Pete Armstrong,pete.armstrong@email.com,3,2,1,321,6,Autres
3755,25,10,740.36,Patrick Bzostek,patrick.bzostek@email.com,5,3,1,531,9,Clients Fidèles
3756,57,5,688.3299999999999,Peter Bühler,peter.bühler@email.com,3,1,1,311,5,Autres
3757,97,11,1456.95,Philip Brown,philip.brown@email.com,3,3,2,332,8,Autres
3758,687,2,132.74,Phillip Breyer,phillip.breyer@email.com,1,1,1,111,3,Clients à Risque
3759,2,5,1832.07,Pamela Coakley,pamela.coakley@email.com,5,1,3,513,9,Clients Potentiels
3760,881,3,1061.49,Pauline Chand,pauline.chand@email.com,1,1,2,112,4,Clients à Risque
3761,834,19,9062.86,Peter Fuller,peter.fuller@email.com,1,5,5,155,11,Clients Perdus
3762,196,10,2770.0,Philip Fox,philip.fox@email.com,2,3,4,234,9,Clients Perdus
3763,114,10,2206.12,Phillip Flathmann,phillip.flathmann@email.com,2,3,3,233,8,Clients Perdus
3764,36,26,3086.9,Patrick Gardner,patrick.gardner@email.com,4,5,4,454,13,Champions
3765,57,17,1987.1499999999999,Paul Gonzalez,paul.gonzalez@email.com,3,4,3,343,10,Clients Potentiels
3766,70,2,729.6500000000001,Patricia Hirasaki,patricia.hirasaki@email.com,3,1,1,311,5,Autres
3767,39,13,1220.1,Patrick Jones,patrick.jones@email.com,4,4,2,442,10,Clients Fidèles
3768,134,7,1677.53,Pauline Johnson,pauline.johnson@email.com,2,2,2,222,6,Clients à Risque
3769,483,3,1441.15,Paul Knutson,paul.knutson@email.com,1,1,2,112,4,Clients à Risque
3770,9,25,8646.93,Pete Kriz,pete.kriz@email.com,5,5,5,555,15,Champions
3771,15,8,239.49,Paul Lucas,paul.lucas@email.com,5,2,1,521,8,Nouveaux Clients
3772,386,4,1405.3999999999999,Paul MacIntyre,paul.macintyre@email.com,1,1,2,112,4,Clients à Risque
3773,51,7,4115.66,Peter McVee,peter.mcvee@email.com,4,2,4,424,10,Clients Potentiels
3774,30,13,1467.16,Parhena Norris,parhena.norris@email.com,4,4,2,442,10,Clients Fidèles
3775,4,22,7473.84,Patrick O'Brill,patrick.o'brill@email.com,5,5,5,555,15,Champions
3776,0,13,2493.22,Patrick O'Donnell,patrick.o'donnell@email.com,5,4,3,543,12,Clients Fidèles
3777,160,18,4893.05,Philisse Overcash,philisse.overcash@email.com,2,5,5,255,12,Clients Perdus
3778,86,10,1056.8500000000001,Phillina Ober,phillina.ober@email.com,3,3,2,332,8,Autres
3779,97,34,7252.610000000001,Paul Prost,paul.prost@email.com,3,5,5,355,13,Champions
3780,36,12,1840.18,Patrick Ryan,patrick.ryan@email.com,4,3,3,433,10,Clients Fidèles
3781,107,21,2181.48,Pamela Stobb,pamela.stobb@email.com,2,5,3,253,10,Clients Perdus
3782,69,13,1278.6499999999999,Paul Stevenson,paul.stevenson@email.com,3,4,2,342,9,Autres
3783,236,13,6843.629999999999,Penelope Sewall,penelope.sewall@email.com,1,4,5,145,10,Clients Perdus
3784,71,6,158.47,Pete Takahito,pete.takahito@email.com,3,1,1,311,5,Autres
3785,89,13,2876.05,Paul Van Hugh,paul.van.hugh@email.com,3,4,4,344,11,Clients Potentiels
3786,46,13,3454.9100000000003,Pauline Webber,pauline.webber@email.com,4,4,4,444,12,Clients Fidèles
3787,464,12,3922.41,Pierre Wener,pierre.wener@email.com,1,3,4,134,8,Clients Perdus
3788,25,13,6108.339999999999,Quincy Jones,quincy.jones@email.com,5,4,5,545,14,Champions
3789,5,17,2617.89,Ralph Arnett,ralph.arnett@email.com,5,4,3,543,12,Clients Fidèles
3790,55,13,3546.23,Ruben Ausman,ruben.ausman@email.com,3,4,4,344,11,Clients Potentiels
3791,12,22,4793.53,Russell Applegate,russell.applegate@email.com,5,5,5,555,15,Champions
3792,61,9,1686.93,Ryan Akin,ryan.akin@email.com,3,2,2,322,7,Autres
3793,68,6,1008.2,Randy Bradley,randy.bradley@email.com,3,1,2,312,6,Autres
3794,96,18,15117.349999999999,Raymond Buch,raymond.buch@email.com,3,5,5,355,13,Champions
3795,41,13,1864.1399999999999,Richard Bierner,richard.bierner@email.com,4,4,3,443,11,Clients Fidèles
3796,9,23,4715.47,Rick Bensley,rick.bensley@email.com,5,5,5,555,15,Champions
3797,25,9,528.53,Rob Beeghly,rob.beeghly@email.com,5,2,1,521,8,Nouveaux Clients
3798,648,7,221.09,Robert Barroso,robert.barroso@email.com,1,2,1,121,4,Clients à Risque
3799,54,7,2067.45,Roger Barcio,roger.barcio@email.com,3,2,3,323,8,Clients Potentiels
3800,32,18,5633.31,Ross Baird,ross.baird@email.com,4,5,5,455,14,Champions
3801,369,10,966.4100000000001,Roy Collins,roy.collins@email.com,1,3,2,132,6,Clients Perdus
3802,110,8,652.64,Ryan Crowe,ryan.crowe@email.com,2,2,1,221,5,Clients à Risque
3803,72,15,4272.9400000000005,Rick Duston,rick.duston@email.com,3,4,5,345,12,Clients Potentiels
3804,180,18,2832.91,Rob Dowd,rob.dowd@email.com,2,5,4,254,11,Clients Perdus
3805,114,4,2745.8900000000003,Robert Dilbeck,robert.dilbeck@email.com,2,1,4,214,7,Clients à Risque
3806,21,20,1419.74,Roger Demir,roger.demir@email.com,5,5,2,552,12,Clients Fidèles
3807,14,16,1137.61,Ross DeVincentis,ross.devincentis@email.com,5,4,2,542,11,Clients Fidèles
3808,114,21,3133.92,Ruben Dartt,ruben.dartt@email.com,2,5,4,254,11,Clients Perdus
3809,42,10,970.95,Russell D'Ascenzo,russell.d'ascenzo@email.com,4,3,2,432,9,Clients Fidèles
3810,1097,1,48.36,Ricardo Emerson,ricardo.emerson@email.com,1,1,1,111,3,Clients à Risque
3811,302,6,666.52,Richard Eichhorn,richard.eichhorn@email.com,1,1,1,111,3,Clients à Risque
3812,390,16,3309.14,Randy Ferguson,randy.ferguson@email.com,1,4,4,144,9,Clients Perdus
3813,89,14,2341.3,Roland Fjeld,roland.fjeld@email.com,3,4,3,343,10,Clients Potentiels
3814,6,10,938.86,Roy Französisch,roy.französisch@email.com,5,3,2,532,10,Clients Fidèles
3815,32,8,3621.38,Rick Hansen,rick.hansen@email.com,4,2,4,424,10,Clients Potentiels
3816,467,12,6979.18,Rick Huthwaite,rick.huthwaite@email.com,1,3,5,135,9,Clients Perdus
3817,519,3,740.39,Ritsa Hightower,ritsa.hightower@email.com,1,1,1,111,3,Clients à Risque
3818,534,11,2085.7400000000002,Rob Haberlin,rob.haberlin@email.com,1,3,3,133,7,Clients Perdus
3819,119,8,1460.19,Ralph Kennedy,ralph.kennedy@email.com,2,2,2,222,6,Clients à Risque
3820,121,24,6234.91,Rob Lucas,rob.lucas@email.com,2,5,5,255,12,Clients Perdus
3821,345,9,1453.47,Raymond Messe,raymond.messe@email.com,1,2,2,122,5,Clients à Risque
3822,6,11,5979.089999999999,Robert Marley,robert.marley@email.com,5,3,5,535,13,Champions
3823,299,2,98.35,Roland Murray,roland.murray@email.com,1,1,1,111,3,Clients à Risque
3824,35,12,3815.47,Rose O'Brian,rose.o'brian@email.com,4,3,4,434,11,Clients Fidèles
3825,496,12,954.64,Rachel Payne,rachel.payne@email.com,1,3,2,132,6,Clients Perdus
3826,33,25,5153.06,Resi Pölking,resi.pölking@email.com,4,5,5,455,14,Champions
3827,28,14,2055.35,Roy Phan,roy.phan@email.com,4,4,3,443,11,Clients Fidèles
3828,19,4,615.9300000000001,Ralph Ritter,ralph.ritter@email.com,5,1,1,511,7,Nouveaux Clients
3829,170,10,3302.2599999999998,Rick Reed,rick.reed@email.com,2,3,4,234,9,Clients Perdus
3830,76,9,3221.29,Ricardo Sperren,ricardo.sperren@email.com,3,2,4,324,9,Clients Potentiels
3831,36,14,4159.77,Roland Schwarz,roland.schwarz@email.com,4,4,4,444,12,Clients Fidèles
3832,19,3,22.330000000000002,Roy Skaria,roy.skaria@email.com,5,1,1,511,7,Nouveaux Clients
3833,120,23,7397.4,Rick Wilson,rick.wilson@email.com,2,5,5,255,12,Clients Perdus
3834,89,16,3279.75,Rob Williams,rob.williams@email.com,3,4,4,344,11,Clients Potentiels
3835,79,15,3495.64,Robert Waldorf,robert.waldorf@email.com,3,4,4,344,11,Clients Potentiels
3836,63,21,4767.34,Sue Ann Reed,sue.ann.reed@email.com,3,5,5,355,13,Champions
3837,201,7,1348.02,Sarah Bern,sarah.bern@email.com,2,2,2,222,6,Clients à Risque
3838,188,12,6411.0,Sarah Brown,sarah.brown@email.com,2,3,5,235,10,Clients Perdus
3839,47,17,8057.889999999999,Sean Braxton,sean.braxton@email.com,4,5,5,455,14,Champions
3840,780,17,3362.96,Sam Craven,sam.craven@email.com,1,5,4,154,10,Clients Perdus
3841,40,15,4624.57,Sample Company A,sample.company.a@email.com,4,4,5,445,13,Champions
3842,349,22,14142.34,Sanjit Chand,sanjit.chand@email.com,1,5,5,155,11,Clients Perdus
3843,149,11,4371.96,Scot Coram,scot.coram@email.com,2,3,5,235,10,Clients Perdus
3844,187,18,3729.7999999999997,Scott Cohen,scott.cohen@email.com,2,5,4,254,11,Clients Perdus
3845,29,10,3650.4700000000003,Sean Christensen,sean.christensen@email.com,4,3,4,434,11,Clients Fidèles
3846,30,20,5992.53,Shahid Collister,shahid.collister@email.com,4,5,5,455,14,Champions
3847,36,10,1874.9999999999998,Shaun Chance,shaun.chance@email.com,4,3,3,433,10,Clients Fidèles
3848,92,6,799.8000000000001,Sonia Cooley,sonia.cooley@email.com,3,1,1,311,5,Autres
3849,126,8,1254.64,Steve Carroll,steve.carroll@email.com,2,2,2,222,6,Clients à Risque
3850,89,14,2576.4,Steve Chapman,steve.chapman@email.com,3,4,3,343,10,Clients Potentiels
3851,187,26,5226.2,Steven Cartwright,steven.cartwright@email.com,2,5,5,255,12,Clients Perdus
3852,41,21,4492.68,Stewart Carmichael,stewart.carmichael@email.com,4,5,5,455,14,Champions
3853,30,5,279.25,Stuart Calhoun,stuart.calhoun@email.com,4,1,1,411,6,Nouveaux Clients
3854,414,1,14.11,Sung Chung,sung.chung@email.com,1,1,1,111,3,Clients à Risque
3855,200,21,6121.099999999999,Shirley Daniels,shirley.daniels@email.com,2,5,5,255,12,Clients Perdus
3856,9,19,12209.440000000002,Sanjit Engle,sanjit.engle@email.com,5,5,5,555,15,Champions
3857,59,9,763.54,Sandra Flanagan,sandra.flanagan@email.com,3,2,1,321,6,Autres
3858,59,15,3422.7799999999997,Sarah Foster,sarah.foster@email.com,3,4,4,344,11,Clients Potentiels
3859,48,17,3336.53,Sylvia Foulston,sylvia.foulston@email.com,4,5,4,454,13,Champions
3860,8,11,3406.58,Sandra Glassco,sandra.glassco@email.com,5,3,4,534,12,Clients Fidèles
3861,183,14,1884.8000000000002,Sheri Gordon,sheri.gordon@email.com,2,4,3,243,9,Clients Perdus
3862,108,12,3118.9,Speros Goranitis,speros.goranitis@email.com,2,3,4,234,9,Clients Perdus
3863,226,5,47.949999999999996,Susan Gilcrest,susan.gilcrest@email.com,2,1,1,211,4,Clients à Risque
3864,29,24,2465.68,Sally Hughsby,sally.hughsby@email.com,4,5,3,453,12,Clients Fidèles
3865,23,15,2180.7,Shahid Hopkins,shahid.hopkins@email.com,5,4,3,543,12,Clients Fidèles
3866,764,2,2096.3900000000003,Stefanie Holloman,stefanie.holloman@email.com,1,1,3,113,5,Clients à Risque
3867,95,24,3949.65,Sanjit Jacobs,sanjit.jacobs@email.com,3,5,4,354,12,Clients Potentiels
3868,29,10,1341.04,Sarah Jordon,sarah.jordon@email.com,4,3,2,432,9,Clients Fidèles
3869,253,7,1318.77,Shirley Jackson,shirley.jackson@email.com,1,2,2,122,5,Clients à Risque
3870,8,5,883.4100000000001,Sally Knutson,sally.knutson@email.com,5,1,1,511,7,Nouveaux Clients
3871,70,8,3046.53,Sara Luxemburg,sara.luxemburg@email.com,3,2,4,324,9,Clients Potentiels
3872,421,6,244.49,Sally Matthias,sally.matthias@email.com,1,1,1,111,3,Clients à Risque
3873,79,15,25043.07,Sean Miller,sean.miller@email.com,3,4,5,345,12,Clients Potentiels
3874,606,6,1043.05,Susan MacKendrick,susan.mackendrick@email.com,1,1,2,112,4,Clients à Risque
3875,25,20,4464.87,Suzanne McNair,suzanne.mcnair@email.com,5,5,5,555,15,Champions
3876,111,15,1860.42,Skye Norling,skye.norling@email.com,2,4,3,243,9,Clients Perdus
3877,79,19,3127.97,Steve Nguyen,steve.nguyen@email.com,3,5,4,354,12,Clients Potentiels
3878,29,15,2602.58,Sean O'Donnell,sean.o'donnell@email.com,4,4,3,443,11,Clients Fidèles
3879,327,10,1306.09,Sibella Parks,sibella.parks@email.com,1,3,2,132,6,Clients Perdus
3880,47,24,5440.32,Stefania Perrino,stefania.perrino@email.com,4,5,5,455,14,Champions
3881,386,15,1872.4299999999998,Stephanie Phelps,stephanie.phelps@email.com,1,4,3,143,8,Clients Perdus
3882,79,24,4282.92,Sung Pak,sung.pak@email.com,3,5,5,355,13,Champions
3883,70,14,3990.67,Susan Pistek,susan.pistek@email.com,3,4,4,344,11,Clients Potentiels
3884,8,9,3233.48,Sharelle Roach,sharelle.roach@email.com,5,2,4,524,11,Clients Potentiels
3885,196,12,4345.88,Steven Roelle,steven.roelle@email.com,2,3,5,235,10,Clients Perdus
3886,15,21,1324.03,Saphhira Shifley,saphhira.shifley@email.com,5,5,2,552,12,Clients Fidèles
3887,110,12,3056.81,Shahid Shariari,shahid.shariari@email.com,2,3,4,234,9,Clients Perdus
3888,491,6,613.4000000000001,Shirley Schmidt,shirley.schmidt@email.com,1,1,1,111,3,Clients à Risque
3889,432,9,418.49,Sonia Sunley,sonia.sunley@email.com,1,2,1,121,4,Clients à Risque
3890,120,15,964.63,Sung Shariari,sung.shariari@email.com,2,4,2,242,8,Clients Perdus
3891,125,12,433.34,Shui Tom,shui.tom@email.com,2,3,1,231,6,Clients Perdus
3892,20,18,2595.38,Stephanie Ulpright,stephanie.ulpright@email.com,5,5,3,553,13,Champions
3893,101,32,11470.94,Seth Vernon,seth.vernon@email.com,3,5,5,355,13,Champions
3894,320,25,4105.32,Stewart Visinsky,stewart.visinsky@email.com,1,5,4,154,10,Clients Perdus
3895,76,6,1271.0900000000001,Stuart Van,stuart.van@email.com,3,1,2,312,6,Autres
3896,2,13,1903.49,Susan Vittorini,susan.vittorini@email.com,5,4,3,543,12,Clients Fidèles
3897,81,10,1085.06,Scot Wooten,scot.wooten@email.com,3,3,2,332,8,Autres
3898,30,7,1966.65,Scott Williamson,scott.williamson@email.com,4,2,3,423,9,Clients Potentiels
3899,162,6,1019.04,Sean Wendt,sean.wendt@email.com,2,1,2,212,5,Clients à Risque
3900,162,8,2835.56,Shaun Weien,shaun.weien@email.com,2,2,4,224,8,Clients à Risque
3901,534,8,758.69,Steven Ward,steven.ward@email.com,1,2,1,121,4,Clients à Risque
3902,35,20,3625.34,Sam Zeldin,sam.zeldin@email.com,4,5,4,454,13,Champions
3903,69,10,14595.619999999999,Tom Ashbrook,tom.ashbrook@email.com,3,3,5,335,11,Clients Potentiels
3904,119,17,1451.3700000000001,Ted Butterfield,ted.butterfield@email.com,2,5,2,252,9,Clients Perdus
3905,58,11,3589.29,Thomas Boland,thomas.boland@email.com,3,3,4,334,10,Clients Potentiels
3906,49,4,816.1700000000001,Thomas Brumley,thomas.brumley@email.com,4,1,1,411,6,Nouveaux Clients
3907,349,19,1602.3700000000001,Tim Brockman,tim.brockman@email.com,1,5,2,152,8,Clients Perdus
3908,583,11,2198.46,Toby Braunhardt,toby.braunhardt@email.com,1,3,3,133,7,Clients Perdus
3909,146,13,834.3299999999999,Todd Boyes,todd.boyes@email.com,2,4,1,241,7,Clients Perdus
3910,202,16,9108.74,Tom Boeckenhauer,tom.boeckenhauer@email.com,2,4,5,245,11,Clients Perdus
3911,107,20,4737.48,Tracy Blumstein,tracy.blumstein@email.com,2,5,5,255,12,Clients Perdus
3912,285,5,1240.88,Troy Blackwell,troy.blackwell@email.com,1,1,2,112,4,Clients à Risque
3913,30,15,2797.68,Trudy Brown,trudy.brown@email.com,4,4,4,444,12,Clients Fidèles
3914,399,12,19052.22,Tamara Chand,tamara.chand@email.com,1,3,5,135,9,Clients Perdus
3915,106,4,1038.26,Theresa Coyne,theresa.coyne@email.com,2,1,2,212,5,Clients à Risque
3916,27,16,4266.8099999999995,Toby Carlisle,toby.carlisle@email.com,4,4,5,445,13,Champions
3917,153,11,1244.98,Tony Chapman,tony.chapman@email.com,2,3,2,232,7,Clients Perdus
3918,4,10,742.55,Tracy Collins,tracy.collins@email.com,5,3,1,531,9,Clients Fidèles
3919,37,16,1434.56,Tamara Dahlen,tamara.dahlen@email.com,4,4,2,442,10,Clients Fidèles
3920,337,9,3058.38,Toby Gnade,toby.gnade@email.com,1,2,4,124,7,Clients à Risque
3921,114,10,2074.67,Trudy Glocke,trudy.glocke@email.com,2,3,3,233,8,Clients Perdus
3922,344,7,2422.8300000000004,Thea Hendricks,thea.hendricks@email.com,1,2,3,123,6,Clients à Risque
3923,58,9,2942.7799999999997,Thea Hudgings,thea.hudgings@email.com,3,2,4,324,9,Clients Potentiels
3924,117,13,1022.21,Tiffany House,tiffany.house@email.com,2,4,2,242,8,Clients Perdus
3925,72,13,4234.1,Tracy Hopkins,tracy.hopkins@email.com,3,4,4,344,11,Clients Potentiels
3926,103,15,2819.0299999999997,Tamara Manning,tamara.manning@email.com,3,4,4,344,11,Clients Potentiels
3927,130,4,1094.6799999999998,Tony Molinari,tony.molinari@email.com,2,1,2,212,5,Clients à Risque
3928,90,12,3130.23,Tanja Norvell,tanja.norvell@email.com,3,3,4,334,10,Clients Potentiels
3929,8,16,4454.06,Theone Pippenger,theone.pippenger@email.com,5,4,5,545,14,Champions
3930,104,10,5328.9800000000005,Tom Prescott,tom.prescott@email.com,3,3,5,335,11,Clients Potentiels
3931,350,10,1936.62,Tracy Poddar,tracy.poddar@email.com,1,3,3,133,7,Clients Perdus
3932,193,7,675.9399999999999,Toby Ritter,toby.ritter@email.com,2,2,1,221,5,Clients à Risque
3933,357,2,4.84,Thais Sissman,thais.sissman@email.com,1,1,1,111,3,Clients à Risque
3934,504,17,2163.63,Theresa Swint,theresa.swint@email.com,1,5,3,153,9,Clients Perdus
3935,198,19,5371.11,Thomas Seio,thomas.seio@email.com,2,5,5,255,12,Clients Perdus
3936,226,12,974.78,Toby Swindell,toby.swindell@email.com,2,3,2,232,7,Clients Perdus
3937,36,15,11891.75,Todd Sumrall,todd.sumrall@email.com,4,4,5,445,13,Champions
3938,172,7,2054.14,Tom Stivers,tom.stivers@email.com,2,2,3,223,7,Clients à Risque
3939,11,14,2243.28,Tony Sayre,tony.sayre@email.com,5,4,3,543,12,Clients Fidèles
3940,55,11,2820.42,Troy Staebel,troy.staebel@email.com,3,3,4,334,10,Clients Potentiels
3941,238,14,3368.08,Trudy Schmidt,trudy.schmidt@email.com,1,4,4,144,9,Clients Perdus
3942,31,14,4915.589999999999,Ted Trevino,ted.trevino@email.com,4,4,5,445,13,Champions
3943,183,15,1427.05,Thomas Thornton,thomas.thornton@email.com,2,4,2,242,8,Clients Perdus
3944,406,3,439.5,Tim Taslimi,tim.taslimi@email.com,1,1,1,111,3,Clients à Risque
3945,12,14,5364.8,Tonja Turnell,tonja.turnell@email.com,5,4,5,545,14,Champions
3946,64,12,5278.820000000001,Tamara Willingham,tamara.willingham@email.com,3,3,5,335,11,Clients Potentiels
3947,35,9,1707.28,Tracy Zic,tracy.zic@email.com,4,2,2,422,8,Nouveaux Clients
3948,54,10,2005.59,Victoria Brennan,victoria.brennan@email.com,3,3,3,333,9,Clients Potentiels
3949,581,16,6442.26,Valerie Dominguez,valerie.dominguez@email.com,1,4,5,145,10,Clients Perdus
3950,13,11,847.95,Vicky Freymann,vicky.freymann@email.com,5,3,1,531,9,Clients Fidèles
3951,154,8,846.02,Vivek Gonzalez,vivek.gonzalez@email.com,2,2,1,221,5,Clients à Risque
3952,491,5,418.43,Vivek Grady,vivek.grady@email.com,1,1,1,111,3,Clients à Risque
3953,54,12,2454.87,Valerie Mitchum,valerie.mitchum@email.com,3,3,3,333,9,Clients Potentiels
3954,117,8,380.69,Vivian Mathis,vivian.mathis@email.com,2,2,1,221,5,Clients à Risque
3955,30,5,993.9,Victor Preis,victor.preis@email.com,4,1,2,412,7,Nouveaux Clients
3956,75,14,3360.54,Victoria Pisteka,victoria.pisteka@email.com,3,4,4,344,11,Clients Potentiels
3957,221,8,1055.99,Vivek Sundaresam,vivek.sundaresam@email.com,2,2,2,222,6,Clients à Risque
3958,999,9,1736.6,Valerie Takahito,valerie.takahito@email.com,1,2,3,123,6,Clients à Risque
3959,28,18,6134.04,Victoria Wilson,victoria.wilson@email.com,4,5,5,455,14,Champions
3960,20,35,6129.71,William Brown,william.brown@email.com,5,5,5,555,15,Champions
3961,43,28,2374.66,Xylona Preis,xylona.preis@email.com,4,5,3,453,12,Clients Fidèles
3962,4,8,5454.349999999999,Yoseph Carroll,yoseph.carroll@email.com,5,2,5,525,12,Clients Potentiels
3963,9,12,6720.4400000000005,Yana Sorensen,yana.sorensen@email.com,5,3,5,535,13,Champions
3964,54,31,8025.700000000001,Zuschuss Carroll,zuschuss.carroll@email.com,3,5,5,355,13,Champions
3965,202,9,1493.94,Zuschuss Donatelli,zuschuss.donatelli@email.com,2,2,2,222,6,Clients à Risque
